Season,Name,Team,Position,Age,AVG,OBP,SLG,OPS,AB,H,R,HR,RBI,SB,Off,WAR,playerid
1994,Frank Thomas,CHW,1B,26,0.353,0.487,0.729,1.217,399,141,106,38,101,2,71.1,7,255
1998,Mark McGwire,STL,1B,34,0.299,0.47,0.752,1.222,509,152,130,70,147,1,90.6,8.5,1008559
1996,Mark McGwire,OAK,1B,32,0.312,0.467,0.73,1.198,423,132,104,52,113,0,68.4,7.3,1008559
1994,Jeff Bagwell,HOU,1B,26,0.368,0.451,0.75,1.201,400,147,104,39,116,15,66.3,7.8,547
2000,Todd Helton,COL,1B,26,0.372,0.463,0.698,1.162,580,216,138,42,147,5,58.1,8.3,432
2000,Carlos Delgado,TOR,1B,28,0.344,0.47,0.664,1.134,569,196,115,41,137,0,75.9,7.4,1297
2000,Jason Giambi,OAK,1B,29,0.333,0.476,0.647,1.123,510,170,108,43,137,2,75.2,7.7,818
1969,Willie McCovey,SFG,1B,31,0.32,0.453,0.656,1.108,491,157,101,45,126,0,67.5,7.9,1008423
1971,Hank Aaron,ATL,1B,37,0.327,0.41,0.669,1.079,495,162,95,47,118,1,57,7.1,1000001
2001,Jason Giambi,OAK,1B,30,0.342,0.477,0.66,1.137,520,178,109,38,120,2,79.1,9.2,818
2003,Albert Pujols,STL,1B,23,0.359,0.439,0.667,1.106,591,212,137,43,124,5,79.8,9.5,1177
2002,Jim Thome,CLE,1B,31,0.304,0.445,0.677,1.122,480,146,101,52,118,1,68.4,7.3,409
2008,Albert Pujols,STL,1B,28,0.357,0.462,0.653,1.114,524,187,100,37,116,7,67.7,8.7,1177
2001,Todd Helton,COL,1B,27,0.336,0.432,0.685,1.116,587,197,132,49,146,7,54.3,7.1,432
2020,Freddie Freeman,ATL,1B,30,0.341,0.462,0.64,1.102,214,73,51,13,53,2,28.7,3.3,5361
1970,Carl Yastrzemski,BOS,1B,30,0.329,0.452,0.592,1.044,566,186,125,40,102,23,65.1,8.9,1014326
1997,Frank Thomas,CHW,1B,29,0.347,0.456,0.611,1.067,530,184,110,35,125,1,65.5,7.2,255
1993,John Olerud,TOR,1B,24,0.363,0.473,0.599,1.072,551,200,109,24,107,0,65.7,8.1,1093
2004,Todd Helton,COL,1B,30,0.347,0.469,0.62,1.088,547,190,115,32,96,3,60.7,7,432
1999,Mark McGwire,STL,1B,35,0.278,0.424,0.697,1.12,521,145,118,65,147,0,61.2,6,1008559
2003,Todd Helton,COL,1B,29,0.358,0.458,0.63,1.088,583,209,135,33,117,0,56.9,6.6,432
1996,Frank Thomas,CHW,1B,28,0.349,0.459,0.626,1.085,527,184,110,40,134,1,60.3,6.1,255
1972,Dick Allen,CHW,1B,30,0.308,0.42,0.603,1.023,506,156,90,37,113,19,61.4,8,1000137
2009,Albert Pujols,STL,1B,29,0.327,0.443,0.658,1.101,568,186,124,47,135,16,70.5,8.4,1177
2006,Albert Pujols,STL,1B,26,0.331,0.431,0.671,1.102,535,177,119,49,137,7,63,8.1,1177
1987,Jack Clark,STL,1B,31,0.286,0.459,0.597,1.055,419,120,93,35,106,1,52.9,5.7,1002288
2005,Derrek Lee,CHC,1B,29,0.335,0.418,0.662,1.08,594,199,120,46,107,15,61,7,525
1970,Willie McCovey,SFG,1B,32,0.289,0.444,0.612,1.056,495,143,98,39,126,0,55,6.8,1008423
1999,Jeff Bagwell,HOU,1B,31,0.304,0.454,0.591,1.045,562,171,143,42,126,30,66.3,7.8,547
1991,Frank Thomas,CHW,1B,23,0.318,0.453,0.553,1.006,559,178,104,32,109,1,64.6,7.3,255
2004,Albert Pujols,STL,1B,24,0.331,0.415,0.657,1.072,592,196,133,46,123,5,64.7,7.8,1177
1995,Frank Thomas,CHW,1B,27,0.308,0.454,0.606,1.061,493,152,102,40,111,3,57.1,5.4,255
1969,Harmon Killebrew,MIN,1B,33,0.276,0.427,0.584,1.011,555,153,106,49,140,8,60.7,7.1,1006905
1977,Rod Carew,MIN,1B,31,0.388,0.449,0.57,1.019,616,239,128,14,100,23,61.5,8.6,1001942
2002,Jason Giambi,NYY,1B,31,0.314,0.435,0.598,1.034,560,176,120,41,122,2,58.2,6.6,818
2010,Joey Votto,CIN,1B,26,0.324,0.424,0.6,1.024,547,177,106,37,113,16,57,6.9,4314
2011,Miguel Cabrera,DET,1B,28,0.344,0.448,0.586,1.033,572,197,111,30,105,2,56.1,6.6,1744
2006,Ryan Howard,PHI,1B,26,0.313,0.425,0.659,1.084,581,182,104,58,149,0,55.3,5.9,2154
1970,Jim Hickman,CHC,1B,33,0.315,0.419,0.582,1.001,514,162,102,32,115,0,40.8,5.1,1005777
2000,Jeff Bagwell,HOU,1B,32,0.31,0.424,0.615,1.039,590,183,152,47,132,9,51.4,5.9,547
1993,Frank Thomas,CHW,1B,25,0.317,0.426,0.607,1.033,549,174,106,41,128,4,58.4,6.3,255
1996,Jeff Bagwell,HOU,1B,28,0.315,0.451,0.57,1.021,568,179,111,31,120,21,67.5,7.7,547
1992,Frank Thomas,CHW,1B,24,0.323,0.439,0.536,0.975,573,185,108,24,115,6,60,7.1,255
2005,Albert Pujols,STL,1B,25,0.33,0.43,0.609,1.039,591,195,129,41,117,16,64.1,7.7,1177
2010,Miguel Cabrera,DET,1B,27,0.328,0.42,0.622,1.042,548,180,111,38,126,3,52,6.1,1744
2007,Carlos Pena,TBD,1B,29,0.282,0.411,0.627,1.037,490,138,99,46,121,1,52.2,5.9,934
1998,John Olerud,NYM,1B,29,0.354,0.447,0.551,0.998,557,197,91,22,93,2,55.7,8.1,1093
2001,Jim Thome,CLE,1B,30,0.291,0.416,0.624,1.04,526,153,101,49,124,0,53.8,5.4,409
1993,Andres Galarraga,COL,1B,32,0.37,0.403,0.602,1.005,470,174,71,22,98,2,30.4,4.2,1390
1997,Mark McGwire,2+,1B,33,0.274,0.393,0.646,1.039,540,148,86,58,123,3,52,5.4,1008559
2017,Joey Votto,CIN,1B,33,0.32,0.454,0.578,1.032,559,179,106,36,100,5,47.7,6.5,4314
1969,Frank Howard,WAS,1B,32,0.296,0.402,0.574,0.976,592,175,111,48,111,1,56.4,5.6,1006080
2015,Joey Votto,CIN,1B,31,0.314,0.459,0.541,1,545,171,95,29,80,11,58.7,7.3,4314
1975,John Mayberry,KCR,1B,26,0.291,0.416,0.547,0.963,554,161,95,34,106,5,50.7,7.3,1008289
2006,Lance Berkman,HOU,1B,30,0.315,0.42,0.621,1.041,536,169,95,45,136,3,48.4,6.1,548
1997,Jim Thome,CLE,1B,26,0.286,0.423,0.579,1.001,496,142,104,40,102,1,44.8,5.1,409
1997,Jeff Bagwell,HOU,1B,29,0.286,0.425,0.592,1.017,566,162,109,43,135,31,59.1,8,547
2003,Carlos Delgado,TOR,1B,31,0.302,0.426,0.593,1.019,570,172,117,42,145,0,49.5,5.3,1297
1994,Fred McGriff,ATL,1B,30,0.318,0.389,0.623,1.012,424,135,81,34,94,7,34.8,4.8,293
1996,Mo Vaughn,BOS,1B,28,0.326,0.42,0.583,1.003,635,207,118,44,143,2,47.1,6.2,899
2005,Jason Giambi,NYY,1B,34,0.271,0.44,0.535,0.975,417,113,74,32,87,0,41.4,4.2,818
1998,Jim Thome,CLE,1B,27,0.293,0.413,0.584,0.997,440,129,89,30,85,1,36.3,3.3,409
2009,Prince Fielder,MIL,1B,25,0.299,0.412,0.602,1.014,591,177,103,46,141,2,48.5,5.9,4613
1998,Mo Vaughn,BOS,1B,30,0.337,0.402,0.591,0.993,609,205,107,40,115,0,45.2,6.3,899
2002,Todd Helton,COL,1B,28,0.329,0.429,0.577,1.006,553,182,107,30,109,5,32.9,5.5,432
1998,Jeff Bagwell,HOU,1B,30,0.304,0.424,0.557,0.981,540,164,124,34,111,19,52.8,6.7,547
2013,Chris Davis,BAL,1B,27,0.286,0.37,0.634,1.004,584,167,103,53,138,4,56.4,7.1,9272
1992,Mark McGwire,OAK,1B,28,0.268,0.385,0.585,0.97,467,125,87,42,104,0,44.9,6.3,1008559
1987,Dwight Evans,BOS,1B,35,0.305,0.417,0.569,0.986,541,165,109,34,123,4,44.4,4.9,1003865
2007,Albert Pujols,STL,1B,27,0.327,0.429,0.568,0.997,565,185,99,32,103,2,43.2,7.7,1177
2007,Prince Fielder,MIL,1B,23,0.288,0.395,0.618,1.013,573,165,109,50,119,2,45.9,4.7,4613
2010,Albert Pujols,STL,1B,30,0.312,0.414,0.596,1.011,587,183,115,42,118,14,54.2,6.8,1177
1990,Cecil Fielder,DET,1B,26,0.277,0.377,0.592,0.969,573,159,104,51,132,0,49.5,6.5,1004026
1998,Andres Galarraga,ATL,1B,37,0.305,0.397,0.595,0.991,555,169,103,44,121,7,45,5,1390
1999,Jason Giambi,OAK,1B,28,0.315,0.422,0.553,0.975,575,181,115,33,123,1,46.1,5.2,818
2009,Joey Votto,CIN,1B,25,0.322,0.414,0.567,0.981,469,151,82,25,84,4,39.2,4.6,4314
1997,Mo Vaughn,BOS,1B,29,0.315,0.42,0.56,0.98,527,166,91,35,96,2,39.9,4,899
1997,Andres Galarraga,COL,1B,36,0.318,0.389,0.585,0.974,600,191,120,41,140,15,25.8,3.1,1390
2015,Paul Goldschmidt,ARI,1B,27,0.321,0.435,0.57,1.005,567,182,103,33,110,21,54.1,7.2,9218
2008,Lance Berkman,HOU,1B,32,0.312,0.42,0.567,0.986,554,173,114,29,106,18,54.1,7.7,548
2010,Paul Konerko,CHW,1B,34,0.312,0.393,0.584,0.977,548,171,89,39,111,0,38,3.6,242
1989,Will Clark,SFG,1B,25,0.333,0.407,0.546,0.953,588,196,104,23,111,8,55,8.1,1002318
2005,Todd Helton,COL,1B,31,0.32,0.445,0.534,0.979,509,163,92,20,79,3,30.9,4.1,432
1986,Don Mattingly,NYY,1B,25,0.352,0.394,0.573,0.967,677,238,117,31,113,0,54.1,7.2,1008261
1970,Boog Powell,BAL,1B,28,0.297,0.412,0.549,0.962,526,156,82,35,114,1,45.7,5.7,1010482
1974,Dick Allen,CHW,1B,32,0.301,0.375,0.563,0.938,462,139,84,32,88,7,37.2,4.2,1000137
1999,Todd Helton,COL,1B,25,0.32,0.395,0.587,0.981,578,185,114,35,113,7,19.2,3,432
2002,Mike Sweeney,KCR,1B,28,0.34,0.417,0.563,0.979,471,160,81,24,86,9,35.1,4.5,634
1969,Dick Allen,PHI,1B,27,0.288,0.375,0.573,0.949,438,126,79,32,89,9,35.4,3.7,1000137
2000,Will Clark,2+,1B,36,0.319,0.418,0.546,0.964,427,136,78,21,70,5,32.1,3.8,1002318
1969,Boog Powell,BAL,1B,27,0.304,0.383,0.559,0.942,533,162,83,37,121,1,41.8,6.4,1010482
1994,Bob Hamelin,KCR,1B,26,0.282,0.388,0.599,0.987,312,88,64,24,65,4,22.2,2.4,1005269
1994,Larry Walker,MON,1B,27,0.322,0.394,0.587,0.981,395,127,76,19,86,15,29.4,4.4,455
2015,Miguel Cabrera,DET,1B,32,0.338,0.44,0.534,0.974,429,145,64,18,76,1,33.4,4.6,1744
1970,Frank Howard,WAS,1B,33,0.283,0.416,0.546,0.962,566,160,90,44,126,1,50,5,1006080
1999,Jim Thome,CLE,1B,28,0.277,0.426,0.54,0.967,494,137,101,33,108,0,35.7,4.2,409
2016,Joey Votto,CIN,1B,32,0.326,0.434,0.55,0.985,556,181,101,29,97,8,45.1,5.2,4314
2009,Kevin Youkilis,BOS,1B,30,0.305,0.413,0.548,0.961,491,150,99,27,94,7,36.6,5.9,1935
2009,Derrek Lee,CHC,1B,33,0.306,0.393,0.579,0.972,532,163,91,35,111,1,37,5.2,525
2020,Dominic Smith,NYM,1B,25,0.316,0.377,0.616,0.993,177,56,27,10,42,0,16.9,1.8,15653
2014,Jose Abreu,CHW,1B,27,0.317,0.383,0.581,0.964,556,176,80,36,107,3,43.1,5.3,15676
2020,Jose Abreu,CHW,1B,33,0.317,0.37,0.617,0.987,240,76,43,19,60,0,20.2,2.6,15676
1992,Fred McGriff,SDP,1B,28,0.286,0.394,0.556,0.95,531,152,79,35,104,8,42.1,5.5,293
1987,Mark McGwire,OAK,1B,23,0.289,0.37,0.618,0.987,557,161,97,49,118,1,45.9,5.1,1008559
1995,Rafael Palmeiro,BAL,1B,30,0.31,0.38,0.583,0.963,554,172,89,39,104,3,36.1,5.6,1266
2011,Prince Fielder,MIL,1B,27,0.299,0.415,0.566,0.981,569,170,95,38,120,1,40.5,4.7,4613
2008,Mark Teixeira,2+,1B,28,0.308,0.41,0.552,0.962,574,177,102,33,121,2,44.9,6.9,1281
1972,Willie Stargell,PIT,1B,32,0.293,0.373,0.558,0.93,495,145,75,33,112,1,37.7,4.8,1012426
1994,Mo Vaughn,BOS,1B,26,0.31,0.408,0.576,0.984,394,122,65,26,82,4,23.7,2.6,899
1979,Keith Hernandez,STL,1B,25,0.344,0.417,0.513,0.93,610,210,116,11,105,11,46.2,7.4,1005706
1998,Carlos Delgado,TOR,1B,26,0.292,0.385,0.592,0.978,530,155,94,38,115,3,36.9,5.7,1297
1990,Fred McGriff,TOR,1B,26,0.3,0.4,0.53,0.93,557,167,91,35,88,5,42.6,5.5,293
2005,Carlos Delgado,FLA,1B,33,0.301,0.399,0.582,0.981,521,157,81,33,115,0,38.1,3.3,1297
1988,Fred McGriff,TOR,1B,24,0.282,0.376,0.552,0.928,536,151,100,34,82,6,40.7,6.6,293
2011,Adrian Gonzalez,BOS,1B,29,0.338,0.41,0.548,0.957,630,213,108,27,117,1,34.7,6.2,1908
2007,Mark Teixeira,2+,1B,27,0.306,0.4,0.563,0.963,494,151,86,30,105,0,36,4.4,1281
1989,Fred McGriff,TOR,1B,25,0.269,0.399,0.525,0.924,551,148,98,36,92,7,43.2,6.4,293
2017,Freddie Freeman,ATL,1B,27,0.307,0.403,0.586,0.989,440,135,84,28,71,8,33.8,4.4,5361
1999,Fred McGriff,TBD,1B,35,0.31,0.405,0.552,0.957,529,164,75,32,104,1,33.1,3.6,293
1989,Alvin Davis,SEA,1B,28,0.305,0.424,0.496,0.92,498,152,84,21,95,0,37.3,4.1,1003033
2001,Jeff Bagwell,HOU,1B,33,0.288,0.397,0.568,0.966,600,173,126,39,130,11,41.2,5.2,547
1990,Eddie Murray,LAD,1B,34,0.33,0.414,0.52,0.934,558,184,96,26,95,8,41.6,5.9,1009386
2006,Jason Giambi,NYY,1B,35,0.253,0.413,0.558,0.971,446,113,92,37,113,2,31.4,3,818
1971,Willie Mays,SFG,1B,40,0.271,0.425,0.482,0.907,417,113,82,18,61,23,37.4,5.9,1008315
2008,Kevin Youkilis,BOS,1B,29,0.312,0.39,0.569,0.958,538,168,91,29,115,3,37.9,6.2,1935
1996,John Jaha,MIL,1B,30,0.3,0.398,0.543,0.941,543,163,108,34,118,3,29.6,3.7,1006336
1995,Mo Vaughn,BOS,1B,27,0.3,0.388,0.575,0.963,550,165,98,39,126,11,32.9,5.1,899
1973,Tony Perez,CIN,1B,31,0.314,0.393,0.527,0.919,564,177,73,27,101,3,42.8,5.7,1010188
2011,Joey Votto,CIN,1B,27,0.309,0.416,0.531,0.947,599,185,101,29,103,8,43.7,6.4,4314
1987,Pedro Guerrero,LAD,1B,31,0.338,0.416,0.539,0.955,545,184,89,27,89,9,41.7,5,1005120
1982,Eddie Murray,BAL,1B,26,0.316,0.391,0.549,0.94,550,174,87,32,110,7,40,5.8,1009386
2005,Mark Teixeira,TEX,1B,25,0.301,0.379,0.575,0.954,644,194,112,43,144,4,44.1,5.9,1281
2006,Nick Johnson,WSN,1B,27,0.29,0.428,0.52,0.948,500,145,100,23,77,10,37.6,4.9,828
1994,Rafael Palmeiro,BAL,1B,29,0.319,0.392,0.55,0.942,436,139,82,23,76,7,26.7,4.6,1266
2013,Paul Goldschmidt,ARI,1B,25,0.302,0.401,0.551,0.952,602,182,103,36,125,15,43.9,6,9218
2009,Adrian Gonzalez,SDP,1B,27,0.277,0.407,0.551,0.958,552,153,90,40,99,1,41.3,5.8,1908
1972,Hank Aaron,ATL,1B,38,0.265,0.39,0.514,0.904,449,119,75,34,77,4,29.3,4.3,1000001
1983,Eddie Murray,BAL,1B,27,0.306,0.393,0.538,0.93,582,178,115,33,111,5,43.2,6.8,1009386
1991,Rafael Palmeiro,TEX,1B,26,0.322,0.389,0.532,0.922,631,203,115,26,88,4,43.6,5.9,1266
1970,Dick Allen,STL,1B,28,0.279,0.377,0.56,0.937,459,128,88,34,101,5,27.7,2.9,1000137
1980,Cecil Cooper,MIL,1B,30,0.352,0.387,0.539,0.926,622,219,96,25,122,17,41.9,6.6,1002592
1975,Boog Powell,CLE,1B,33,0.297,0.377,0.524,0.901,435,129,64,27,86,1,29,4,1010482
1994,Will Clark,TEX,1B,30,0.329,0.431,0.501,0.932,389,128,73,13,80,5,23.3,2.9,1002318
2003,Jason Giambi,NYY,1B,32,0.25,0.412,0.527,0.939,535,134,97,41,107,2,42.8,5,818
1972,John Mayberry,KCR,1B,23,0.298,0.394,0.507,0.9,503,150,65,25,100,0,39.2,4.9,1008289
2009,Mark Teixeira,NYY,1B,29,0.292,0.383,0.565,0.948,609,178,103,39,122,2,37.8,5.2,1281
2002,Rafael Palmeiro,TEX,1B,37,0.273,0.391,0.571,0.962,546,149,99,43,105,2,32.9,4.5,1266
1980,Keith Hernandez,STL,1B,26,0.321,0.408,0.494,0.902,595,191,111,16,99,14,41.9,6.9,1005706
1996,Andres Galarraga,COL,1B,35,0.304,0.357,0.601,0.958,626,190,119,47,150,18,20.3,3.2,1390
2009,Miguel Cabrera,DET,1B,26,0.324,0.396,0.547,0.942,611,198,96,34,103,6,33.2,5.1,1744
1971,Norm Cash,DET,1B,36,0.283,0.372,0.531,0.903,452,128,72,32,91,1,30.1,3.8,1002043
2016,Freddie Freeman,ATL,1B,26,0.302,0.4,0.569,0.968,589,178,102,34,91,6,45.3,6.1,5361
1998,Rafael Palmeiro,BAL,1B,33,0.296,0.379,0.565,0.945,619,183,98,43,121,11,39.2,6.9,1266
2003,Jim Thome,PHI,1B,32,0.266,0.385,0.573,0.958,578,154,111,47,131,0,38.7,4.3,409
2007,Todd Helton,COL,1B,33,0.32,0.434,0.494,0.928,557,178,86,17,91,0,22.5,4.2,432
1993,John Kruk,PHI,1B,32,0.316,0.43,0.475,0.905,535,169,100,14,85,6,36.2,4.9,1007184
2002,Carlos Delgado,TOR,1B,30,0.277,0.406,0.549,0.955,505,140,103,33,108,1,31.1,4.3,1297
1984,Don Mattingly,NYY,1B,23,0.343,0.381,0.537,0.918,603,207,91,23,110,1,40.6,6.1,1008261
2003,David Ortiz,BOS,1B,27,0.288,0.369,0.592,0.961,448,129,79,31,101,0,25.4,3.2,745
2017,Paul Goldschmidt,ARI,1B,29,0.297,0.404,0.563,0.966,558,166,117,36,120,18,39.4,5.3,9218
2000,Mike Sweeney,KCR,1B,26,0.333,0.407,0.523,0.93,618,206,105,29,144,8,28.8,3.3,634
2013,Joey Votto,CIN,1B,29,0.305,0.435,0.491,0.926,581,177,101,24,73,6,44.1,5.7,4314
2004,Jim Thome,PHI,1B,33,0.274,0.396,0.581,0.977,508,139,97,42,105,0,28.7,4.1,409
1985,Don Mattingly,NYY,1B,24,0.324,0.371,0.567,0.939,652,211,107,35,145,2,43.9,6.1,1008261
1990,David Justice,ATL,1B,24,0.282,0.373,0.535,0.908,439,124,76,28,78,11,25.9,3.3,923
1987,Will Clark,SFG,1B,23,0.308,0.371,0.58,0.951,529,163,89,35,91,5,31,4.1,1002318
1999,Sean Casey,CIN,1B,24,0.332,0.399,0.539,0.938,594,197,103,25,99,0,28.3,4.1,314
1999,Carlos Delgado,TOR,1B,27,0.272,0.377,0.571,0.948,573,156,113,44,134,1,30.7,3.6,1297
1993,Fred McGriff,2+,1B,29,0.291,0.375,0.549,0.924,557,162,111,37,101,5,34.1,4.5,293
2000,Rafael Palmeiro,TEX,1B,35,0.288,0.397,0.558,0.954,565,163,102,39,120,2,27.6,3.1,1266
1973,John Mayberry,KCR,1B,24,0.278,0.417,0.478,0.895,510,142,87,26,100,3,36.1,5,1008289
2000,Jim Thome,CLE,1B,29,0.269,0.398,0.531,0.929,557,150,106,37,106,1,29.5,4.4,409
2005,Lance Berkman,HOU,1B,29,0.293,0.411,0.524,0.934,468,137,76,24,82,4,23.7,2.7,548
2016,Miguel Cabrera,DET,1B,33,0.316,0.393,0.563,0.956,595,188,92,38,108,0,33.7,4.8,1744
1984,Eddie Murray,BAL,1B,28,0.306,0.41,0.509,0.918,588,180,97,29,110,10,42.5,6.8,1009386
2012,Prince Fielder,DET,1B,28,0.313,0.412,0.528,0.94,581,182,83,30,108,1,34.9,5,4613
1988,Kent Hrbek,MIN,1B,28,0.312,0.387,0.52,0.907,510,159,75,25,76,0,29.8,4.3,1006117
1975,Willie Stargell,PIT,1B,35,0.295,0.375,0.516,0.891,461,136,71,22,90,0,29.2,4,1012426
1977,Mike Hargrove,TEX,1B,27,0.305,0.42,0.476,0.897,525,160,98,18,69,2,35.7,5.7,1005361
2001,Carlos Delgado,TOR,1B,29,0.279,0.408,0.54,0.948,574,160,102,39,102,3,38.6,4,1297
2007,Ryan Howard,PHI,1B,27,0.268,0.392,0.584,0.976,529,142,94,47,136,1,23.9,3.1,2154
2014,Anthony Rizzo,CHC,1B,24,0.286,0.386,0.527,0.913,524,150,89,32,78,5,37.5,5.3,3473
1999,John Olerud,NYM,1B,30,0.298,0.427,0.463,0.89,581,173,107,19,96,3,35,5.8,1093
1978,Andre Thornton,CLE,1B,28,0.262,0.377,0.516,0.893,508,133,97,33,105,4,32.6,5.1,1013037
1992,John Kruk,PHI,1B,31,0.323,0.423,0.458,0.881,507,164,86,10,70,3,34.3,4.4,1007184
1997,Tino Martinez,NYY,1B,29,0.296,0.371,0.577,0.948,594,176,96,44,141,3,35.9,5.3,1168
1977,Andre Thornton,CLE,1B,27,0.263,0.378,0.527,0.904,433,114,77,28,70,3,28.5,4.1,1013037
2012,Edwin Encarnacion,TOR,1B,29,0.28,0.384,0.557,0.941,542,152,93,42,110,13,40.5,4.6,2151
1994,Andres Galarraga,COL,1B,33,0.319,0.356,0.592,0.949,417,133,77,31,85,8,15.4,1.7,1390
1971,Frank Robinson,BAL,1B,35,0.281,0.384,0.51,0.894,455,128,82,28,99,3,30.9,3.7,1011066
1982,Jason Thompson,PIT,1B,27,0.284,0.391,0.511,0.902,550,156,87,31,101,1,38.9,5.2,1013014
2001,Rafael Palmeiro,TEX,1B,36,0.273,0.381,0.563,0.944,600,164,98,47,123,1,35.2,4.2,1266
2009,Adam Dunn,WSN,1B,29,0.267,0.398,0.529,0.928,546,146,81,38,105,0,34,1,319
1970,Orlando Cepeda,ATL,1B,32,0.305,0.365,0.543,0.908,567,173,87,34,111,6,26.9,4.4,1002103
1982,Al Oliver,MON,1B,35,0.331,0.392,0.514,0.906,617,204,90,22,109,5,42.1,5,1009773
1975,Gene Tenace,OAK,1B,28,0.255,0.395,0.464,0.859,498,127,83,29,87,7,37,5.6,1012911
1993,Gregg Jefferies,STL,1B,25,0.342,0.408,0.485,0.894,544,186,89,16,83,46,38.1,5.4,1006379
1987,Kent Hrbek,MIN,1B,27,0.285,0.389,0.545,0.934,477,136,85,34,90,5,27.1,3.9,1006117
1981,Eddie Murray,BAL,1B,25,0.294,0.36,0.534,0.895,378,111,57,22,78,2,24.1,3.6,1009386
2002,Jeff Bagwell,HOU,1B,34,0.291,0.401,0.518,0.919,571,166,94,31,98,7,34.7,4.8,547
2007,Derrek Lee,CHC,1B,31,0.317,0.4,0.513,0.913,567,180,91,22,82,6,23,3.3,525
1987,Don Mattingly,NYY,1B,26,0.327,0.378,0.559,0.937,569,186,93,30,115,1,31.7,5.3,1008261
2006,Paul Konerko,CHW,1B,30,0.313,0.381,0.551,0.932,566,177,97,35,113,1,19.7,3,242
1999,Mike Sweeney,KCR,1B,25,0.322,0.387,0.52,0.907,575,185,101,22,102,6,24.6,2.7,634
2009,Todd Helton,COL,1B,35,0.325,0.416,0.489,0.904,544,177,79,15,86,0,15.9,2.6,432
1984,Kent Hrbek,MIN,1B,24,0.311,0.383,0.522,0.906,559,174,80,27,107,1,30.2,5.6,1006117
2020,Luke Voit,NYY,1B,29,0.277,0.338,0.61,0.948,213,59,41,22,52,0,15.2,1.8,14811
1995,Mark Grace,CHC,1B,31,0.326,0.395,0.516,0.911,552,180,97,16,92,6,29.7,4.7,56
2002,Ryan Klesko,SDP,1B,31,0.3,0.388,0.537,0.925,540,162,90,29,95,6,40.3,4.6,1041
1985,Mike Schmidt,PHI,1B,35,0.277,0.375,0.532,0.907,549,152,89,33,93,1,34.9,5.2,1011586
2003,Richie Sexson,MIL,1B,28,0.272,0.379,0.548,0.927,606,165,97,45,124,2,30.1,3.6,709
1993,Jeff Bagwell,HOU,1B,25,0.32,0.388,0.516,0.903,535,171,76,20,88,13,34.8,5.5,547
2009,Ryan Howard,PHI,1B,29,0.279,0.36,0.571,0.931,616,172,105,45,141,8,33.9,4.4,2154
1988,George Brett,KCR,1B,35,0.306,0.389,0.509,0.898,589,180,90,24,103,14,37.9,5.3,1001400
1996,Rafael Palmeiro,BAL,1B,31,0.289,0.381,0.546,0.927,626,181,110,39,142,8,30.8,4.5,1266
1985,Eddie Murray,BAL,1B,29,0.297,0.383,0.523,0.906,583,173,111,31,124,5,36.3,5.5,1009386
1990,George Brett,KCR,1B,37,0.329,0.387,0.515,0.902,544,179,82,14,87,9,33.6,4.2,1001400
2015,Edwin Encarnacion,TOR,1B,32,0.277,0.372,0.557,0.929,528,146,94,39,111,3,34.4,4.5,2151
1999,Kevin Young,PIT,1B,30,0.298,0.387,0.522,0.909,584,174,103,26,106,22,25.2,5.3,1018
2016,Anthony Rizzo,CHC,1B,26,0.292,0.385,0.544,0.928,583,170,94,32,109,3,34.6,4.9,3473
1998,Todd Helton,COL,1B,24,0.315,0.38,0.53,0.911,530,167,78,25,97,3,9.9,2.9,432
1991,Paul Molitor,MIL,1B,34,0.325,0.399,0.489,0.888,665,216,133,17,75,19,40.8,5.2,1009040
1993,Rafael Palmeiro,TEX,1B,28,0.295,0.371,0.554,0.926,597,176,124,37,105,22,37.3,6.3,1266
1990,Dave Magadan,NYM,1B,27,0.328,0.417,0.457,0.874,451,148,74,6,72,2,29.2,5.4,1007961
2011,Michael Morse,WSN,1B,29,0.303,0.36,0.55,0.91,522,158,73,31,95,2,30,2.8,3035
1972,Mike Epstein,OAK,1B,29,0.27,0.376,0.49,0.866,455,123,63,26,70,0,34.1,4.9,1003800
2018,Paul Goldschmidt,ARI,1B,30,0.29,0.389,0.533,0.922,593,172,95,33,83,7,40.4,5.2,9218
1983,Darrell Evans,SFG,1B,36,0.277,0.378,0.516,0.894,523,145,94,30,82,6,32.4,4.2,1003864
2006,Justin Morneau,MIN,1B,25,0.321,0.375,0.559,0.934,592,190,97,34,130,3,28.4,3.8,1737
2019,Anthony Rizzo,CHC,1B,29,0.293,0.405,0.52,0.924,512,150,89,27,94,5,28.6,4,3473
2015,Chris Davis,BAL,1B,29,0.262,0.361,0.562,0.923,573,150,100,47,117,2,37.2,5.4,9272
1993,Mo Vaughn,BOS,1B,25,0.297,0.39,0.525,0.915,539,160,86,29,101,4,26.6,3.4,899
1988,Andres Galarraga,MON,1B,27,0.302,0.352,0.54,0.893,609,184,99,29,92,13,39,5.6,1390
1995,Eric Karros,LAD,1B,27,0.298,0.369,0.535,0.905,551,164,83,32,105,4,32.7,4.5,659
2001,Fred McGriff,2+,1B,37,0.306,0.386,0.544,0.93,513,157,67,31,102,1,28.4,3.6,293
1996,Kevin Seitzer,2+,1B,34,0.326,0.416,0.466,0.882,573,187,85,13,78,6,22.3,3.8,1011730
2014,Edwin Encarnacion,TOR,1B,31,0.268,0.354,0.547,0.901,477,128,75,34,98,2,30.8,3.7,2151
1973,Carl Yastrzemski,BOS,1B,33,0.296,0.407,0.463,0.87,540,160,82,19,95,9,28.1,5.4,1014326
1981,Keith Hernandez,STL,1B,27,0.306,0.401,0.463,0.864,376,115,65,8,48,12,22.2,4.1,1005706
2004,Sean Casey,CIN,1B,29,0.324,0.381,0.534,0.915,571,185,101,24,99,2,22.3,3.4,314
1975,Reggie Smith,STL,1B,30,0.302,0.382,0.488,0.87,477,144,67,19,76,9,24.9,3.5,1012201
2000,Ryan Klesko,SDP,1B,29,0.283,0.393,0.516,0.909,494,140,88,26,92,23,29.2,3.2,1041
1979,Bob Horner,ATL,1B,21,0.314,0.346,0.552,0.898,487,153,66,33,98,0,20.2,2.5,1006026
1999,Eric Karros,LAD,1B,31,0.304,0.362,0.55,0.912,578,176,74,34,112,8,27.9,4.8,659
1984,Alvin Davis,SEA,1B,23,0.284,0.391,0.497,0.888,567,161,80,27,116,5,30.9,5.3,1003033
1997,John Olerud,NYM,1B,28,0.294,0.4,0.489,0.889,524,154,90,22,102,0,30.3,4.4,1093
2004,Mark Teixeira,TEX,1B,24,0.281,0.37,0.56,0.929,545,153,101,38,112,4,23.1,4.2,1281
2000,David Segui,2+,1B,33,0.334,0.388,0.51,0.898,574,192,93,19,103,0,20,2.2,169
1988,Alvin Davis,SEA,1B,27,0.295,0.412,0.462,0.875,478,141,67,18,69,1,26.6,3.7,1003033
2001,Ryan Klesko,SDP,1B,30,0.286,0.384,0.539,0.923,538,154,105,30,113,23,36.7,4,1041
1991,Will Clark,SFG,1B,27,0.301,0.359,0.536,0.895,565,170,84,29,116,4,35.7,5.1,1002318
1975,Bob Watson,HOU,1B,29,0.324,0.375,0.495,0.87,485,157,67,18,85,3,26.3,3.1,1013677
2013,Edwin Encarnacion,TOR,1B,30,0.272,0.37,0.534,0.904,530,144,90,36,104,7,32,4,2151
2005,Richie Sexson,SEA,1B,30,0.263,0.369,0.541,0.91,558,147,99,39,121,1,34.1,4,709
2017,Ryan Zimmerman,WSN,1B,32,0.303,0.358,0.573,0.93,524,159,90,36,108,1,28.9,3.3,4220
2009,Lance Berkman,HOU,1B,33,0.274,0.399,0.509,0.907,460,126,73,25,80,7,22.3,2.6,548
1983,Willie Upshaw,TOR,1B,26,0.306,0.373,0.515,0.887,579,177,99,27,104,10,27.6,4.5,1013293
2009,Kendrys Morales,LAA,1B,26,0.306,0.355,0.569,0.924,566,173,86,34,108,3,20.6,3.7,8610
1980,Jason Thompson,2+,1B,25,0.288,0.398,0.475,0.873,438,126,69,21,90,2,24.8,4,1013014
1974,Carl Yastrzemski,BOS,1B,34,0.301,0.414,0.445,0.859,515,155,93,15,79,12,27.4,3.7,1014326
2013,Freddie Freeman,ATL,1B,23,0.319,0.396,0.501,0.897,551,176,89,23,109,1,36.9,5,5361
1995,Tino Martinez,SEA,1B,27,0.293,0.369,0.551,0.92,519,152,92,31,111,0,23,4.5,1168
2000,Sean Casey,CIN,1B,25,0.315,0.385,0.517,0.902,480,151,69,20,85,1,18.1,3.7,314
2019,Freddie Freeman,ATL,1B,29,0.295,0.389,0.549,0.938,597,176,113,38,121,6,34.6,4,5361
1985,Jack Clark,STL,1B,29,0.281,0.393,0.502,0.895,442,124,71,22,87,1,28.4,2.9,1002288
2020,Paul Goldschmidt,STL,1B,32,0.304,0.417,0.466,0.883,191,58,31,6,21,1,14.6,2.1,9218
1971,Lee May,CIN,1B,28,0.278,0.332,0.532,0.864,553,154,85,39,98,3,32.4,5.1,1008303
1976,Rod Carew,MIN,1B,30,0.331,0.395,0.463,0.858,605,200,97,9,90,49,36.5,6.4,1001942
1995,Jeff Bagwell,HOU,1B,27,0.29,0.399,0.496,0.894,448,130,88,21,87,12,27,4.5,547
2010,Aubrey Huff,SFG,1B,33,0.29,0.385,0.506,0.891,569,165,100,26,86,7,36.2,5.7,1213
1989,Jack Clark,SDP,1B,33,0.242,0.41,0.459,0.869,455,110,76,26,94,6,33,4.2,1002288
1997,Mark Grace,CHC,1B,33,0.319,0.409,0.465,0.874,555,177,87,13,78,2,23.4,4.7,56
2002,John Olerud,SEA,1B,33,0.3,0.403,0.49,0.893,553,166,85,22,102,0,34.7,4.5,1093
2005,Paul Konerko,CHW,1B,29,0.283,0.375,0.534,0.909,575,163,98,40,100,0,26.5,3.8,242
2005,Nick Johnson,WSN,1B,26,0.289,0.408,0.479,0.887,453,131,66,15,74,3,20.9,4.2,828
2005,Chad Tracy,ARI,1B,25,0.308,0.359,0.553,0.911,503,155,73,27,72,3,24,3.9,1888
1981,Cecil Cooper,MIL,1B,31,0.32,0.363,0.495,0.858,416,133,70,12,60,5,24.5,3.9,1002592
1999,Frank Thomas,CHW,1B,31,0.305,0.414,0.471,0.885,486,148,74,15,77,3,19.6,2.1,255
1991,Fred McGriff,SDP,1B,27,0.278,0.396,0.494,0.89,528,147,84,31,106,4,31.9,3.6,293
1994,Jeff Conine,FLA,1B,28,0.319,0.373,0.525,0.898,451,144,60,18,82,1,20.1,3.4,131
1998,Will Clark,TEX,1B,34,0.305,0.384,0.507,0.891,554,169,98,23,102,1,21.4,2.8,1002318
2003,Jeff Bagwell,HOU,1B,35,0.278,0.373,0.524,0.897,605,168,109,39,100,11,23.8,3.7,547
2011,Paul Konerko,CHW,1B,35,0.3,0.388,0.517,0.906,543,163,69,31,105,1,18.6,2.7,242
1997,J.T. Snow,SFG,1B,29,0.281,0.387,0.51,0.898,531,149,81,28,104,6,28,3.4,1133
2019,Pete Alonso,NYM,1B,24,0.26,0.358,0.583,0.941,597,155,103,53,120,1,36.7,4.8,19251
2015,Anthony Rizzo,CHC,1B,25,0.278,0.387,0.512,0.899,586,163,94,31,101,17,38.3,5.2,3473
2007,Lance Berkman,HOU,1B,31,0.278,0.386,0.51,0.896,561,156,95,34,102,7,23.1,2.8,548
2014,Miguel Cabrera,DET,1B,31,0.313,0.371,0.524,0.895,611,191,101,25,109,1,34.4,5.2,1744
2011,Albert Pujols,STL,1B,31,0.299,0.366,0.541,0.906,579,173,105,37,99,9,28.8,3.9,1177
1989,Mark Grace,CHC,1B,25,0.314,0.405,0.457,0.862,510,160,74,13,79,14,27.5,3.8,56
1979,Bruce Bochte,SEA,1B,28,0.316,0.385,0.493,0.878,554,175,81,16,100,2,25.2,3.6,1001106
1988,Will Clark,SFG,1B,24,0.282,0.386,0.508,0.894,575,162,102,29,109,9,41.2,5.7,1002318
1987,John Kruk,SDP,1B,26,0.313,0.406,0.488,0.894,447,140,72,20,91,18,23.4,3.5,1007184
1986,Keith Hernandez,NYM,1B,32,0.31,0.413,0.446,0.859,551,171,94,13,83,2,35,5.8,1005706
1976,Gene Tenace,OAK,1B,29,0.249,0.373,0.458,0.831,417,104,64,22,66,5,25.7,3.9,1012911
2000,Andres Galarraga,ATL,1B,39,0.302,0.369,0.526,0.895,494,149,67,28,100,3,16.5,1.5,1390
1973,George Scott,MIL,1B,29,0.306,0.37,0.488,0.858,604,185,98,24,107,9,30.9,6.1,1011682
1989,Pedro Guerrero,STL,1B,33,0.311,0.391,0.477,0.868,570,177,60,17,117,2,34.2,3.1,1005120
2001,Mike Sweeney,KCR,1B,27,0.304,0.374,0.542,0.916,559,170,97,29,99,10,23.2,4,634
1984,Keith Hernandez,NYM,1B,30,0.311,0.409,0.449,0.859,550,171,83,15,94,2,33,5.7,1005706
1975,George Scott,MIL,1B,31,0.285,0.341,0.515,0.857,617,176,86,36,109,6,29.5,3.7,1011682
2016,Paul Goldschmidt,ARI,1B,28,0.297,0.411,0.489,0.899,579,172,106,24,95,32,34.2,4.9,9218
1979,Gene Tenace,SDP,1B,32,0.263,0.403,0.445,0.848,463,122,61,20,67,2,28.4,5.4,1012911
1988,Dwight Evans,BOS,1B,36,0.293,0.375,0.487,0.861,559,164,96,21,111,5,27.9,3.5,1003865
1980,Eddie Murray,BAL,1B,24,0.3,0.354,0.519,0.873,621,186,100,32,116,7,31.3,4.3,1009386
2006,Adam LaRoche,ATL,1B,26,0.285,0.354,0.561,0.915,492,140,89,32,90,0,20.1,2.2,1904
1993,Orlando Merced,PIT,1B,26,0.313,0.414,0.443,0.857,447,140,68,8,70,3,20.4,3.4,1393
1998,Mark Grace,CHC,1B,34,0.309,0.401,0.471,0.872,595,184,92,17,89,4,24.4,3.3,56
2010,Prince Fielder,MIL,1B,26,0.261,0.401,0.471,0.871,578,151,94,32,83,1,24,2.6,4613
2010,Adam Dunn,WSN,1B,30,0.26,0.356,0.536,0.892,558,145,85,38,103,0,23.5,3,319
1984,Leon Durham,CHC,1B,26,0.279,0.369,0.505,0.874,473,132,86,23,96,16,21.8,3.5,1003592
1987,Von Hayes,PHI,1B,28,0.277,0.404,0.473,0.877,556,154,84,21,84,16,26.1,3.8,1005531
1979,Pete Rose,PHI,1B,38,0.331,0.418,0.43,0.848,628,208,90,4,59,20,29.2,3.5,1011217
2017,Cody Bellinger,LAD,1B,21,0.267,0.352,0.581,0.933,480,128,87,39,97,10,28.7,4,15998
2017,Anthony Rizzo,CHC,1B,27,0.273,0.392,0.507,0.899,572,156,99,32,109,10,25.9,4.1,3473
2003,Derrek Lee,FLA,1B,27,0.271,0.379,0.508,0.888,539,146,91,31,92,21,31,3.8,525
1986,Eddie Murray,BAL,1B,30,0.305,0.396,0.463,0.859,495,151,61,17,84,3,25.7,4.1,1009386
1997,Wally Joyner,SDP,1B,35,0.327,0.39,0.486,0.876,455,149,59,13,83,3,20.9,3.6,1006637
2019,Carlos Santana,CLE,1B,33,0.281,0.397,0.515,0.911,573,161,110,34,93,4,33,4.5,2396
2010,Adrian Gonzalez,SDP,1B,28,0.298,0.393,0.511,0.904,591,176,87,31,101,0,33.3,4.4,1908
1971,Harmon Killebrew,MIN,1B,35,0.254,0.386,0.464,0.85,500,127,61,28,119,3,25.2,3.9,1006905
1999,Mark Grace,CHC,1B,35,0.309,0.39,0.481,0.87,593,183,107,16,91,3,18.2,3.3,56
1990,Mark McGwire,OAK,1B,26,0.235,0.37,0.489,0.859,523,123,87,39,108,2,31.8,5.7,1008559
1989,Nick Esasky,BOS,1B,29,0.277,0.355,0.5,0.855,564,156,79,30,108,1,24.4,4.2,1003818
1981,Mike Hargrove,CLE,1B,31,0.317,0.424,0.401,0.824,322,102,43,2,49,5,16.7,2.6,1005361
1969,Lee May,CIN,1B,26,0.278,0.331,0.529,0.86,607,169,85,38,110,5,22.1,4,1008303
1995,B.J. Surhoff,MIL,1B,30,0.32,0.378,0.492,0.87,415,133,72,13,73,7,13.4,3.4,117
1987,Alvin Davis,SEA,1B,26,0.295,0.37,0.516,0.886,580,171,86,29,100,0,23.5,2.9,1003033
1999,Mike Stanley,BOS,1B,36,0.281,0.393,0.466,0.859,427,120,59,19,72,0,14.4,2.2,1012416
2019,Josh Bell,PIT,1B,26,0.277,0.367,0.569,0.936,527,146,94,37,116,0,23.2,2.4,13145
1982,Cecil Cooper,MIL,1B,32,0.313,0.342,0.528,0.87,654,205,104,32,121,2,32.1,5.1,1002592
1976,Bob Watson,HOU,1B,30,0.313,0.377,0.458,0.835,585,183,76,16,102,3,29.9,3.1,1013677
1978,Rod Carew,MIN,1B,32,0.333,0.411,0.441,0.853,564,188,85,5,70,27,28.6,4.4,1001942
1979,Cecil Cooper,MIL,1B,29,0.308,0.364,0.508,0.872,590,182,83,24,106,15,28.1,3.8,1002592
1995,Will Clark,TEX,1B,31,0.302,0.389,0.48,0.869,454,137,85,16,92,0,14.2,2.6,1002318
1997,David Segui,MON,1B,30,0.307,0.38,0.505,0.886,459,141,75,21,68,1,18.2,2.3,169
2004,Paul Konerko,CHW,1B,28,0.277,0.359,0.535,0.894,563,156,84,41,117,1,14.5,1.7,242
1985,Darrell Evans,DET,1B,38,0.248,0.356,0.519,0.875,505,125,81,40,94,0,24.4,4.2,1003864
2018,Freddie Freeman,ATL,1B,28,0.309,0.388,0.505,0.892,618,191,94,23,98,10,32.9,5.2,5361
1987,Darrell Evans,DET,1B,40,0.257,0.379,0.501,0.88,499,128,90,34,99,6,23.9,4.6,1003864
1993,Mark Grace,CHC,1B,29,0.325,0.393,0.475,0.867,594,193,86,14,98,8,24.7,4.9,56
1998,Jason Giambi,OAK,1B,27,0.295,0.384,0.489,0.873,562,166,92,27,110,2,22.3,2.6,818
2008,Jason Giambi,NYY,1B,37,0.247,0.373,0.502,0.876,458,113,68,32,96,2,19.7,2.4,818
2004,Carlos Delgado,TOR,1B,32,0.269,0.372,0.535,0.907,458,123,74,32,99,0,13.2,2.4,1297
2017,Jose Abreu,CHW,1B,30,0.304,0.354,0.552,0.906,621,189,95,33,102,3,30.8,4.3,15676
1992,Paul Molitor,MIL,1B,35,0.32,0.389,0.461,0.851,609,195,89,12,89,31,32.9,4.3,1009040
1987,Wally Joyner,CAL,1B,25,0.285,0.366,0.528,0.894,564,161,100,34,117,8,27.1,4,1006637
1998,Tony Clark,DET,1B,26,0.291,0.358,0.522,0.88,602,175,84,34,103,3,20.1,3.3,182
2009,Carlos Pena,TBR,1B,31,0.227,0.356,0.537,0.893,471,107,91,39,100,3,25.1,2.8,934
2006,Carlos Delgado,NYM,1B,34,0.265,0.361,0.548,0.909,524,139,89,38,114,0,21.1,2.8,1297
2006,Todd Helton,COL,1B,32,0.302,0.404,0.476,0.88,546,165,94,15,81,3,12.7,1.9,432
1986,Von Hayes,PHI,1B,27,0.305,0.379,0.48,0.859,610,186,107,19,98,24,27.4,4.8,1005531
2009,Nick Johnson,2+,1B,30,0.291,0.426,0.405,0.831,457,133,71,8,62,2,14.8,1.5,828
2008,Miguel Cabrera,DET,1B,25,0.292,0.349,0.537,0.887,616,180,85,37,127,1,22,2.6,1744
1994,Gregg Jefferies,STL,1B,26,0.325,0.391,0.489,0.88,397,129,52,12,55,12,16.2,1.8,1006379
1974,Al Oliver,PIT,1B,27,0.321,0.358,0.475,0.832,617,198,96,11,85,10,28.3,5.1,1009773
2017,Eric Hosmer,KCR,1B,27,0.318,0.385,0.498,0.882,603,192,98,25,94,6,30.6,4,3516
1997,Tony Clark,DET,1B,25,0.276,0.376,0.5,0.876,580,160,105,32,117,1,19.8,3,182
1994,Hal Morris,CIN,1B,29,0.335,0.385,0.491,0.875,436,146,60,10,78,6,17,2.3,1009209
1990,Kent Hrbek,MIN,1B,30,0.287,0.377,0.474,0.85,492,141,61,22,79,5,21.2,2.6,1006117
2008,Carlos Pena,TBR,1B,30,0.247,0.377,0.494,0.871,490,121,76,31,102,1,22.5,3.8,934
1971,Bob Robertson,PIT,1B,24,0.271,0.356,0.484,0.84,469,127,65,26,72,1,22.9,3.8,1011024
1971,Boog Powell,BAL,1B,29,0.256,0.379,0.459,0.839,418,107,59,22,92,1,20.9,3.8,1010482
1991,Hal Morris,CIN,1B,26,0.318,0.374,0.479,0.853,478,152,72,14,59,10,22.4,4,1009209
1991,Cecil Fielder,DET,1B,27,0.261,0.347,0.513,0.86,624,163,102,44,133,0,26.8,3.8,1004026
2018,Matt Carpenter,STL,1B,32,0.257,0.374,0.523,0.897,564,145,111,36,81,4,34,5,8090
1983,Kent Hrbek,MIN,1B,23,0.297,0.366,0.489,0.855,515,153,75,16,84,4,17.8,2.5,1006117
1973,Gene Tenace,OAK,1B,26,0.259,0.387,0.443,0.83,510,132,83,24,84,2,29.5,4.5,1012911
2009,Victor Martinez,2+,1B,30,0.303,0.381,0.48,0.861,588,178,88,23,108,1,19.6,2.7,393
2002,Derrek Lee,FLA,1B,26,0.27,0.378,0.494,0.872,581,157,95,27,86,19,28.3,3.5,525
1978,Jason Thompson,DET,1B,23,0.287,0.364,0.472,0.836,589,169,79,26,96,0,24.5,5.1,1013014
2016,Matt Carpenter,STL,1B,30,0.271,0.38,0.505,0.885,473,128,81,21,68,0,22,3.2,8090
1978,Steve Garvey,LAD,1B,29,0.316,0.353,0.499,0.852,639,202,89,21,113,10,29.2,4.8,1004557
1986,Pete O'Brien,TEX,1B,28,0.29,0.385,0.468,0.854,551,160,86,23,90,4,21.7,4.3,1009700
2008,Joey Votto,CIN,1B,24,0.297,0.368,0.506,0.874,526,156,69,24,84,7,17.2,3.6,4314
1979,Mike Hargrove,2+,1B,29,0.289,0.404,0.428,0.832,463,134,75,10,64,2,20.1,3.1,1005361
1987,George Brett,KCR,1B,34,0.29,0.388,0.496,0.884,427,124,71,22,78,6,18.2,3.2,1001400
1993,Mickey Tettleton,DET,1B,32,0.245,0.372,0.492,0.864,522,128,79,32,110,3,19.1,2.5,1012939
2007,Dmitri Young,WSN,1B,33,0.32,0.378,0.491,0.869,460,147,57,13,74,0,11.4,1,505
2006,Lyle Overbay,TOR,1B,29,0.312,0.372,0.508,0.88,581,181,82,22,92,5,13.7,1.8,1617
1991,Wally Joyner,CAL,1B,29,0.301,0.36,0.488,0.848,551,166,79,21,96,2,23.8,3.8,1006637
2000,Derrek Lee,FLA,1B,24,0.281,0.368,0.507,0.875,477,134,70,28,70,0,14.9,1.8,525
1971,Deron Johnson,PHI,1B,32,0.265,0.347,0.49,0.836,582,154,74,34,95,0,24.1,3.9,1006444
1969,Norm Cash,DET,1B,34,0.28,0.368,0.464,0.831,483,135,81,22,74,2,20.3,3.2,1002043
2014,Freddie Freeman,ATL,1B,24,0.288,0.386,0.461,0.847,607,175,93,18,78,3,28,4.4,5361
2018,Jesus Aguilar,MIL,1B,28,0.274,0.352,0.539,0.89,492,135,80,35,108,0,20.5,3.1,11342
1996,Paul Sorrento,SEA,1B,30,0.289,0.37,0.507,0.878,471,136,67,23,93,0,11.1,0.9,1012282
2007,Kevin Youkilis,BOS,1B,28,0.288,0.39,0.453,0.843,528,152,85,16,83,4,20.3,4.1,1935
2012,Allen Craig,STL,1B,27,0.307,0.354,0.522,0.876,469,144,76,22,92,2,19.1,2.3,3433
2016,Brandon Belt,SFG,1B,28,0.275,0.394,0.474,0.868,542,149,77,17,82,0,26.1,3.9,10264
1972,Nate Colbert,SDP,1B,26,0.25,0.333,0.508,0.841,563,141,87,38,111,15,28.4,5,1002407
2002,Raul Ibanez,KCR,1B,30,0.294,0.346,0.537,0.883,497,146,70,24,103,5,13.9,2.3,607
1983,George Hendrick,STL,1B,33,0.318,0.373,0.493,0.866,529,168,73,18,97,3,23.6,3.5,1005642
2004,Kevin Millar,BOS,1B,32,0.297,0.383,0.474,0.857,508,151,74,18,74,1,15.1,1.5,529
2006,Mark Teixeira,TEX,1B,26,0.282,0.371,0.514,0.886,628,177,99,33,110,2,20.2,3.5,1281
2002,Adam Dunn,CIN,1B,22,0.249,0.4,0.454,0.854,535,133,84,26,71,19,23.8,4.1,319
2010,Billy Butler,KCR,1B,24,0.318,0.388,0.469,0.857,595,189,77,15,78,0,13.4,2.1,7399
1980,Rod Carew,CAL,1B,34,0.331,0.396,0.437,0.833,540,179,74,3,59,23,21.2,3,1001942
2016,Edwin Encarnacion,TOR,1B,33,0.263,0.357,0.529,0.886,601,158,99,42,127,2,28.2,4,2151
1992,Will Clark,SFG,1B,28,0.3,0.384,0.476,0.86,513,154,69,16,73,12,26.5,3.7,1002318
2020,Jeimer Candelario,DET,1B,26,0.297,0.369,0.503,0.872,185,55,30,7,29,1,10,1.5,13621
1972,Tony Perez,CIN,1B,30,0.283,0.349,0.497,0.846,515,146,64,21,90,4,23.9,4.5,1010188
1972,Lee May,HOU,1B,29,0.284,0.343,0.49,0.833,592,168,87,29,98,3,26.6,3,1008303
1994,John Olerud,TOR,1B,25,0.297,0.393,0.477,0.869,384,114,47,12,67,1,11.7,3.1,1093
1991,Kent Hrbek,MIN,1B,31,0.284,0.373,0.461,0.834,462,131,72,20,89,4,16.5,2.7,1006117
2019,Trey Mancini,BAL,1B,27,0.291,0.364,0.535,0.899,602,175,106,35,97,1,27.6,3.7,15149
2014,Justin Morneau,COL,1B,33,0.319,0.364,0.496,0.86,502,160,62,17,82,0,10.5,2.3,1737
1977,Bill Robinson,PIT,1B,34,0.304,0.337,0.525,0.862,507,154,74,26,104,12,18.1,2.3,1011054
2004,Brad Wilkerson,MON,1B,27,0.255,0.374,0.498,0.872,572,146,112,32,67,13,23.3,5,804
1996,Mark Grace,CHC,1B,32,0.331,0.396,0.455,0.851,547,181,88,9,75,2,19.6,3.9,56
1980,Mike Hargrove,CLE,1B,30,0.304,0.415,0.404,0.819,589,179,86,11,85,4,24.8,3.3,1005361
2001,Richie Sexson,MIL,1B,26,0.271,0.342,0.547,0.889,598,162,94,45,125,2,19.7,2.9,709
1970,Wes Parker,LAD,1B,30,0.319,0.392,0.458,0.85,614,196,84,10,111,8,27.4,5.1,1010009
2019,Max Muncy,LAD,1B,28,0.251,0.374,0.515,0.889,487,122,101,35,98,4,31.3,4.8,13301
1997,Carlos Delgado,TOR,1B,25,0.262,0.35,0.528,0.878,519,136,79,30,91,0,15.7,1.8,1297
1981,Willie Aikens,KCR,1B,26,0.266,0.377,0.458,0.836,349,93,45,17,53,0,16.6,2.1,1000090
1977,Willie McCovey,SFG,1B,39,0.28,0.367,0.5,0.867,478,134,54,28,86,3,20.2,2.1,1008423
1999,Tony Clark,DET,1B,27,0.28,0.361,0.507,0.869,536,150,74,31,99,2,13.5,2.9,182
2001,John Olerud,SEA,1B,32,0.302,0.401,0.472,0.873,572,173,91,21,95,3,27.6,4.6,1093
2009,Justin Morneau,MIN,1B,28,0.274,0.363,0.516,0.878,508,139,85,30,100,0,19.3,3.3,1737
2002,Richie Sexson,MIL,1B,27,0.279,0.363,0.504,0.867,570,159,86,29,102,0,18.4,2.9,709
2008,Prince Fielder,MIL,1B,24,0.276,0.372,0.507,0.879,588,162,86,34,102,3,11.4,1.3,4613
1978,Eddie Murray,BAL,1B,22,0.285,0.356,0.48,0.836,610,174,85,27,95,6,28.5,4.3,1009386
1999,Paul Konerko,CHW,1B,23,0.294,0.352,0.511,0.862,513,151,71,24,81,1,13,1.9,242
2017,Justin Smoak,TOR,1B,30,0.27,0.355,0.529,0.883,560,151,85,38,90,0,23.1,3.6,9054
1977,Bob Watson,HOU,1B,31,0.289,0.36,0.498,0.858,554,160,77,22,110,5,27.4,4.8,1013677
1975,Mike Hargrove,TEX,1B,25,0.303,0.395,0.416,0.812,519,157,82,11,62,4,21.1,3.6,1005361
2008,Justin Morneau,MIN,1B,27,0.3,0.374,0.499,0.873,623,187,97,23,129,0,22.6,3.3,1737
1975,Steve Garvey,LAD,1B,26,0.319,0.351,0.476,0.827,659,210,85,18,95,11,27.4,4.8,1004557
1979,Eddie Murray,BAL,1B,23,0.295,0.369,0.475,0.844,606,179,90,25,99,10,27,4.9,1009386
2012,Paul Konerko,CHW,1B,36,0.298,0.371,0.486,0.857,533,159,66,26,75,0,16.3,2.1,242
1997,Jason Giambi,OAK,1B,26,0.293,0.362,0.495,0.857,519,152,66,20,81,0,17.2,1.7,818
2004,Lyle Overbay,MIL,1B,27,0.301,0.385,0.478,0.863,579,174,83,16,87,2,18.8,2.2,1617
1991,Jeff Bagwell,HOU,1B,23,0.294,0.387,0.437,0.824,554,163,79,15,82,7,27.9,4.3,547
1999,Mo Vaughn,ANA,1B,31,0.281,0.358,0.508,0.866,524,147,63,33,108,0,12,1.9,899
1971,Frank Howard,WAS,1B,34,0.279,0.367,0.474,0.84,549,153,60,26,83,1,25.3,3.4,1006080
1988,Eddie Murray,BAL,1B,32,0.284,0.361,0.474,0.836,603,171,75,28,84,5,26.3,3.6,1009386
2016,Carlos Santana,CLE,1B,30,0.259,0.366,0.498,0.865,582,151,89,34,87,5,23.4,3.3,2396
1983,Cecil Cooper,MIL,1B,33,0.307,0.341,0.508,0.849,661,203,106,30,126,2,27.7,3.5,1002592
2018,Joey Votto,CIN,1B,34,0.284,0.417,0.419,0.837,503,143,67,12,67,2,19.1,3.5,4314
1996,Henry Rodriguez,MON,1B,28,0.276,0.325,0.562,0.887,532,147,81,36,103,2,18.7,2.2,1427
1982,Kent Hrbek,MIN,1B,22,0.301,0.363,0.485,0.848,532,160,82,23,92,3,16.8,3.3,1006117
1977,Dan Driessen,CIN,1B,25,0.3,0.375,0.468,0.843,536,161,75,17,91,31,20,2.8,1003501
1996,Hal Morris,CIN,1B,31,0.313,0.374,0.479,0.853,528,165,82,16,80,7,17.6,2.6,1009209
1979,John Mayberry,TOR,1B,30,0.274,0.372,0.461,0.833,464,127,61,21,74,1,14.2,1.9,1008289
2006,Nick Swisher,OAK,1B,25,0.254,0.372,0.493,0.864,556,141,106,35,95,1,23.3,3.9,4599
2008,Adrian Gonzalez,SDP,1B,26,0.279,0.361,0.51,0.871,616,172,103,36,119,0,22.5,3.1,1908
1981,John Mayberry,TOR,1B,32,0.248,0.36,0.452,0.812,290,72,34,17,43,1,11.5,1.5,1008289
2013,Brandon Moss,OAK,1B,29,0.256,0.337,0.522,0.859,446,114,73,30,87,4,20.3,2.4,4467
2010,Mark Teixeira,NYY,1B,30,0.256,0.365,0.481,0.846,601,154,113,33,108,0,22.1,3.5,1281
2002,Paul Konerko,CHW,1B,26,0.304,0.359,0.498,0.857,570,173,81,27,104,0,11.6,1.8,242
2009,Billy Butler,KCR,1B,23,0.301,0.362,0.492,0.853,608,183,78,21,93,1,10.9,1.8,7399
2003,Doug Mientkiewicz,MIN,1B,29,0.3,0.393,0.45,0.843,487,146,67,11,65,4,19.1,3.7,741
1988,Mark McGwire,OAK,1B,24,0.26,0.352,0.478,0.83,550,143,87,32,99,0,26.7,3.5,1008559
2017,Eric Thames,MIL,1B,30,0.247,0.359,0.518,0.877,469,116,83,31,63,4,16.4,2.2,3711
1998,Tino Martinez,NYY,1B,30,0.281,0.355,0.505,0.86,531,149,92,28,123,2,17.3,3.3,1168
1991,John Kruk,PHI,1B,30,0.294,0.367,0.483,0.851,538,158,84,21,92,7,24.8,4.9,1007184
1995,Wally Joyner,KCR,1B,33,0.31,0.394,0.447,0.842,465,144,69,12,83,3,11.4,2,1006637
2003,Rafael Palmeiro,TEX,1B,38,0.26,0.359,0.508,0.867,561,146,92,38,112,2,14.2,2.7,1266
2006,Nomar Garciaparra,LAD,1B,32,0.303,0.367,0.505,0.872,469,142,82,20,93,3,9.6,2,190
2000,Mo Vaughn,ANA,1B,32,0.272,0.365,0.498,0.864,614,167,93,36,117,2,14.4,1.9,899
1983,Keith Hernandez,2+,1B,29,0.297,0.396,0.433,0.829,538,160,77,12,63,9,23.5,5.4,1005706
1972,Harmon Killebrew,MIN,1B,36,0.231,0.367,0.45,0.817,433,100,53,26,74,0,21.8,3.4,1006905
1970,Al Kaline,DET,1B,35,0.278,0.377,0.45,0.826,467,130,64,16,71,2,16.4,2.9,1006678
2013,Adam Lind,TOR,1B,29,0.288,0.357,0.497,0.854,465,134,67,23,67,1,12.7,1.6,8027
1980,Bruce Bochte,SEA,1B,29,0.3,0.381,0.456,0.836,520,156,62,13,78,2,15.5,3.1,1001106
2010,Ryan Howard,PHI,1B,30,0.276,0.353,0.505,0.859,550,152,87,31,108,1,13.1,0.9,2154
2004,Phil Nevin,SDP,1B,33,0.289,0.368,0.492,0.859,547,158,78,26,105,0,19.9,2.5,1049
2009,Russell Branyan,SEA,1B,33,0.251,0.347,0.52,0.867,431,108,64,31,76,2,16.7,2.7,370
1995,Fred McGriff,ATL,1B,31,0.28,0.361,0.489,0.85,528,148,85,27,93,3,13.8,2.2,293
1989,Glenn Davis,HOU,1B,28,0.269,0.35,0.492,0.842,581,156,87,34,89,4,29.6,4.8,1003052
2019,Matt Olson,OAK,1B,25,0.267,0.351,0.545,0.896,483,129,73,36,91,0,24.1,3.9,14344
1983,Rod Carew,CAL,1B,37,0.339,0.409,0.411,0.82,472,160,66,2,44,6,16.2,2.2,1001942
1986,Joe Carter,CLE,1B,26,0.302,0.335,0.514,0.849,663,200,108,29,121,29,24.4,4.8,1002018
1978,Gene Tenace,SDP,1B,31,0.224,0.392,0.409,0.801,401,90,60,16,61,6,21.1,4.8,1012911
1971,Don Mincher,2+,1B,33,0.28,0.386,0.427,0.812,415,116,44,12,53,3,19,3.3,1008973
1977,Keith Hernandez,STL,1B,23,0.291,0.379,0.459,0.837,560,163,90,15,91,7,18,3.7,1005706
1979,Bob Watson,2+,1B,33,0.303,0.367,0.469,0.837,475,144,63,16,71,3,15,2.4,1013677
2008,Ryan Howard,PHI,1B,28,0.251,0.339,0.543,0.881,610,153,105,48,146,1,18.4,2.8,2154
2001,Mark Grace,ARI,1B,37,0.298,0.386,0.466,0.852,476,142,66,15,78,1,12.8,2.6,56
1983,Chris Chambliss,ATL,1B,34,0.28,0.366,0.481,0.847,447,125,59,20,78,2,12.4,1.4,1002119
2016,Hanley Ramirez,BOS,1B,32,0.286,0.361,0.505,0.866,549,157,81,30,111,9,19.4,3,8001
1996,Fred McGriff,ATL,1B,32,0.295,0.365,0.494,0.859,617,182,81,28,107,7,19.6,2.8,293
2001,Doug Mientkiewicz,MIN,1B,27,0.306,0.387,0.464,0.851,543,166,77,15,74,2,16,2.5,741
1975,Joe Rudi,OAK,1B,28,0.278,0.338,0.494,0.831,468,130,66,21,75,2,20,3.4,1011283
2000,Paul Konerko,CHW,1B,24,0.298,0.363,0.481,0.844,524,156,84,21,97,1,10.2,1.6,242
2013,Mike Napoli,BOS,1B,31,0.259,0.36,0.482,0.842,498,129,79,23,92,1,17.5,3.4,3057
1995,Kevin Seitzer,MIL,1B,33,0.311,0.395,0.421,0.815,492,153,56,5,69,2,11.3,2.5,1011730
1975,Mike Jorgensen,MON,1B,26,0.261,0.378,0.422,0.801,445,116,58,18,67,3,12.8,3,1006622
2004,Derrek Lee,CHC,1B,28,0.278,0.356,0.504,0.86,605,168,90,32,98,12,16.5,2.8,525
1976,Steve Garvey,LAD,1B,27,0.317,0.363,0.45,0.813,631,200,85,13,80,19,25.6,4.6,1004557
2007,Ryan Garko,CLE,1B,26,0.289,0.359,0.483,0.842,484,140,62,21,61,0,7.6,0.5,6319
2007,Casey Kotchman,LAA,1B,24,0.296,0.372,0.467,0.84,443,131,64,11,68,2,6.4,2.7,1930
1992,John Olerud,TOR,1B,23,0.284,0.375,0.45,0.825,458,130,68,16,66,1,16.6,3.1,1093
1975,Tony Perez,CIN,1B,33,0.282,0.35,0.466,0.816,511,144,74,20,109,1,16.8,3.6,1010188
1994,Wally Joyner,KCR,1B,32,0.311,0.386,0.449,0.835,363,113,52,8,57,3,8.3,1.6,1006637
1998,Dmitri Young,CIN,1B,24,0.31,0.364,0.481,0.846,536,166,81,14,83,2,13,2.5,505
2002,Fred McGriff,CHC,1B,38,0.273,0.353,0.505,0.858,523,143,67,30,103,1,15.6,2.4,293
1980,Bob Watson,NYY,1B,34,0.307,0.368,0.456,0.825,469,144,62,13,68,2,17.2,2.6,1013677
1978,Richie Hebner,PHI,1B,30,0.283,0.369,0.464,0.834,435,123,61,17,71,4,13.9,2.7,1005571
1996,Jeff Conine,FLA,1B,30,0.293,0.36,0.484,0.844,597,175,84,26,95,1,19,4.4,131
1969,Don Mincher,SEA,1B,31,0.246,0.366,0.454,0.821,427,105,53,25,78,10,13.7,2.5,1008973
1981,Bill Buckner,CHC,1B,31,0.311,0.349,0.48,0.829,421,131,45,10,75,5,13,1.5,1001625
1993,Wally Joyner,KCR,1B,31,0.292,0.375,0.467,0.842,497,145,83,15,65,5,12.4,2.8,1006637
2004,Craig Wilson,PIT,1B,27,0.264,0.354,0.499,0.853,561,148,97,29,82,2,15.9,1.1,1015
1997,Paul Sorrento,SEA,1B,31,0.269,0.345,0.514,0.859,457,123,68,31,80,0,10.8,2.3,1012282
2017,Yonder Alonso,2+,1B,30,0.266,0.365,0.501,0.866,451,120,72,28,67,2,18.7,2.4,2530
2017,Buster Posey,SFG,1B,30,0.32,0.4,0.462,0.861,494,158,62,12,67,6,18.8,4.7,9166
2008,Carlos Delgado,NYM,1B,36,0.271,0.353,0.518,0.871,598,162,96,38,115,1,18,2.4,1297
2004,Jeff Bagwell,HOU,1B,36,0.266,0.377,0.465,0.842,572,152,104,27,89,6,20.6,3.6,547
1990,Rafael Palmeiro,TEX,1B,25,0.319,0.361,0.468,0.829,598,191,72,14,89,3,21.2,4.3,1266
1979,Steve Garvey,LAD,1B,30,0.315,0.351,0.497,0.848,648,204,92,28,110,3,22.1,3.4,1004557
1985,Alvin Davis,SEA,1B,24,0.287,0.381,0.441,0.822,578,166,78,18,78,1,19.1,3.1,1003033
1974,Steve Garvey,LAD,1B,25,0.312,0.342,0.469,0.811,642,200,95,21,111,5,23.2,3.8,1004557
2006,Adrian Gonzalez,SDP,1B,24,0.304,0.362,0.5,0.862,570,173,83,24,82,0,14.5,2.9,1908
2013,Brandon Belt,SFG,1B,25,0.289,0.36,0.481,0.841,509,147,76,17,67,5,28.5,4.2,10264
2005,Mike Sweeney,KCR,1B,31,0.3,0.347,0.517,0.864,470,141,63,21,83,3,12.6,1.7,634
1990,Alvin Davis,SEA,1B,29,0.283,0.387,0.429,0.816,494,140,63,17,68,0,16.9,2.7,1003033
1970,Nate Colbert,SDP,1B,24,0.259,0.328,0.509,0.836,572,148,84,38,86,3,17.1,2.3,1002407
1977,Jason Thompson,DET,1B,22,0.27,0.347,0.487,0.834,585,158,87,31,105,0,18.1,3.9,1013014
2019,Yuli Gurriel,HOU,1B,35,0.298,0.343,0.541,0.884,564,168,85,31,104,5,22.7,3.3,19198
1986,Glenn Davis,HOU,1B,25,0.265,0.344,0.493,0.837,574,152,91,31,101,3,25.7,4.2,1003052
1977,George Scott,BOS,1B,33,0.269,0.337,0.5,0.837,584,157,103,33,95,1,13.4,2.9,1011682
2000,Richie Sexson,2+,1B,25,0.272,0.349,0.499,0.848,537,146,89,30,91,2,8.9,1.6,709
1970,Mike Epstein,WAS,1B,27,0.256,0.371,0.444,0.815,430,110,55,20,56,2,16.5,1.9,1003800
2000,John Olerud,SEA,1B,31,0.285,0.392,0.439,0.831,565,161,84,14,103,0,13.4,3.6,1093
1998,David Segui,SEA,1B,31,0.305,0.359,0.487,0.845,522,159,79,19,84,3,12.2,2.9,169
2017,Joey Gallo,TEX,1B,23,0.209,0.333,0.537,0.869,449,94,85,41,80,7,17,2.7,14128
1992,Mark Grace,CHC,1B,28,0.307,0.38,0.43,0.809,603,185,72,9,79,6,22.1,4.4,56
2013,Allen Craig,STL,1B,28,0.315,0.373,0.457,0.83,508,160,71,13,97,2,15.5,2.5,3433
2015,Buster Posey,SFG,1B,28,0.318,0.379,0.47,0.849,557,177,74,19,95,2,23.8,6.8,9166
2012,Paul Goldschmidt,ARI,1B,24,0.286,0.359,0.49,0.85,514,147,82,20,82,18,21.9,2.8,9218
2006,Scott Hatteberg,CIN,1B,36,0.289,0.389,0.436,0.826,456,132,62,13,51,2,8.6,2.1,916
1978,Don Money,MIL,1B,31,0.293,0.361,0.44,0.801,518,152,88,14,54,3,19.5,4.4,1009052
2012,Nick Swisher,NYY,1B,31,0.272,0.364,0.473,0.837,537,146,75,24,93,2,20.7,3.6,4599
2009,Paul Konerko,CHW,1B,33,0.277,0.353,0.489,0.842,546,151,75,28,88,1,5.5,1.8,242
1970,George Scott,BOS,1B,26,0.296,0.355,0.467,0.821,480,142,50,16,63,4,8.4,2,1011682
2017,Logan Morrison,TBR,1B,29,0.246,0.353,0.516,0.868,512,126,75,38,85,2,22.9,3.2,9205
1993,Cecil Fielder,DET,1B,29,0.267,0.368,0.464,0.832,573,153,80,30,117,0,15.6,1.3,1004026
1980,John Mayberry,TOR,1B,31,0.248,0.349,0.473,0.822,501,124,62,30,82,0,12.9,1.7,1008289
2008,Conor Jackson,ARI,1B,26,0.3,0.376,0.446,0.823,540,162,87,12,75,10,13.3,2.9,5997
2007,Nick Swisher,OAK,1B,26,0.262,0.381,0.455,0.836,539,141,84,22,78,3,22.9,4,4599
2001,Paul Konerko,CHW,1B,25,0.282,0.349,0.507,0.856,582,164,92,32,99,1,17.3,2.3,242
1986,Kent Hrbek,MIN,1B,26,0.267,0.353,0.478,0.831,550,147,85,29,91,2,14.3,2.7,1006117
2000,Mark Grace,CHC,1B,36,0.28,0.394,0.429,0.824,510,143,75,11,82,1,9.3,3,56
1979,Lamar Johnson,CHW,1B,28,0.309,0.363,0.449,0.812,479,148,60,12,74,8,13.9,2.1,1006481
1996,Jason Giambi,OAK,1B,25,0.291,0.355,0.481,0.836,536,156,84,20,79,0,9.4,1.2,818
1976,Carl Yastrzemski,BOS,1B,36,0.267,0.357,0.432,0.79,546,146,71,21,102,5,14.3,3.3,1014326
1996,Tino Martinez,NYY,1B,28,0.292,0.364,0.466,0.83,595,174,82,25,117,2,10.4,2.4,1168
1995,David Segui,2+,1B,28,0.309,0.367,0.461,0.827,456,141,68,12,68,2,8.4,1.9,169
1976,Mike Hargrove,TEX,1B,26,0.287,0.397,0.384,0.781,541,155,80,7,58,2,21.4,2.9,1005361
1985,Bob Horner,ATL,1B,27,0.267,0.333,0.499,0.832,483,129,61,27,89,1,14.3,1.8,1006026
1973,Mike Lum,ATL,1B,27,0.294,0.351,0.462,0.813,513,151,74,16,82,2,10.9,2.6,1007831
1974,Gene Tenace,OAK,1B,27,0.211,0.367,0.411,0.778,484,102,71,26,73,2,20.3,4.5,1012911
1996,Jeff King,PIT,1B,31,0.271,0.346,0.497,0.843,591,160,91,30,111,15,16.9,3.8,1006931
2014,Lucas Duda,NYM,1B,28,0.253,0.349,0.481,0.83,514,130,74,30,92,3,22.5,3.1,2502
2015,Jose Abreu,CHW,1B,28,0.29,0.347,0.502,0.85,613,178,88,30,101,0,22.9,3.3,15676
2007,Adrian Gonzalez,SDP,1B,25,0.282,0.347,0.502,0.849,646,182,101,30,100,0,22.8,2.9,1908
1982,Rod Carew,CAL,1B,36,0.319,0.396,0.403,0.799,523,167,88,3,44,10,12.3,4.3,1001942
2011,Mark Teixeira,NYY,1B,31,0.248,0.341,0.494,0.835,589,146,90,39,111,4,20.4,4.3,1281
1998,Darin Erstad,ANA,1B,24,0.296,0.353,0.486,0.839,537,159,84,19,82,20,12.5,2.3,11
2012,Adam LaRoche,WSN,1B,32,0.271,0.343,0.51,0.853,571,155,76,33,100,1,19,3.4,1904
2017,Matt Carpenter,STL,1B,31,0.241,0.384,0.451,0.835,497,120,91,23,69,2,19.9,3.2,8090
1998,Eric Karros,LAD,1B,30,0.296,0.355,0.475,0.83,507,150,59,23,87,7,17.5,2.3,659
1992,Jeff Bagwell,HOU,1B,24,0.273,0.368,0.444,0.812,586,160,87,18,96,10,24.5,4.5,547
1995,John Olerud,TOR,1B,26,0.291,0.398,0.404,0.802,492,143,72,8,54,0,9.6,2.2,1093
1989,Don Mattingly,NYY,1B,28,0.303,0.351,0.477,0.828,631,191,79,23,113,3,21.4,3.7,1008261
1990,John Kruk,PHI,1B,29,0.291,0.386,0.431,0.817,443,129,52,7,67,10,13.3,2.7,1007184
1995,Andres Galarraga,COL,1B,34,0.28,0.331,0.511,0.842,554,155,89,31,106,12,-3.5,1.1,1390
1969,Joe Torre,STL,1B,28,0.289,0.361,0.447,0.808,602,174,72,18,101,0,18.7,3.3,1013133
2019,Luke Voit,NYY,1B,28,0.263,0.378,0.464,0.842,429,113,72,21,62,0,12.7,1.7,14811
1977,Ron Fairly,TOR,1B,38,0.279,0.362,0.465,0.827,458,128,60,19,64,0,10.7,2,1003907
1977,Steve Garvey,LAD,1B,28,0.297,0.335,0.498,0.834,646,192,91,33,115,9,18.3,3.8,1004557
2012,Albert Pujols,LAA,1B,32,0.285,0.343,0.516,0.859,607,173,85,30,105,8,18.4,3.3,1177
2010,Daric Barton,OAK,1B,24,0.273,0.393,0.405,0.798,556,152,79,10,57,7,23.7,5,5928
1991,Larry Walker,MON,1B,24,0.29,0.349,0.458,0.807,487,141,59,16,64,14,17.1,3.8,455
2008,Derrek Lee,CHC,1B,32,0.291,0.361,0.462,0.823,623,181,93,20,90,8,7.8,2.4,525
2001,Jeff Conine,BAL,1B,35,0.311,0.386,0.443,0.829,524,163,75,14,97,12,16.8,2.7,131
1971,Nate Colbert,SDP,1B,25,0.264,0.339,0.462,0.801,565,149,81,27,84,5,21.7,3.5,1002407
1997,Darin Erstad,ANA,1B,23,0.299,0.36,0.466,0.826,539,161,99,16,77,23,12.5,2.8,11
2009,Adam LaRoche,2+,1B,29,0.277,0.355,0.488,0.843,555,154,78,25,83,2,13.7,2.1,1904
1999,J.T. Snow,SFG,1B,31,0.274,0.37,0.451,0.821,570,156,93,24,98,0,9,2.2,1133
2015,Brandon Belt,SFG,1B,27,0.28,0.356,0.478,0.834,492,138,73,18,68,9,22.4,3.9,10264
2018,Anthony Rizzo,CHC,1B,28,0.283,0.376,0.47,0.846,566,160,74,25,101,6,15.4,2.9,3473
2015,Lucas Duda,NYM,1B,29,0.244,0.352,0.486,0.838,471,115,67,27,73,0,20.9,3.2,2502
2007,Paul Konerko,CHW,1B,31,0.259,0.351,0.49,0.841,549,142,71,31,90,0,5.1,1.5,242
1994,Don Mattingly,NYY,1B,33,0.304,0.397,0.411,0.808,372,113,62,6,51,0,7.7,2,1008261
2013,Prince Fielder,DET,1B,29,0.279,0.362,0.457,0.819,624,174,82,25,106,1,17.2,2.7,4613
2012,Corey Hart,MIL,1B,30,0.27,0.334,0.507,0.841,562,152,91,30,83,5,16.1,2.2,1945
1971,Mike Epstein,2+,1B,28,0.237,0.367,0.413,0.78,414,98,49,19,60,1,15.9,1.7,1003800
2002,Scott Hatteberg,OAK,1B,32,0.28,0.375,0.433,0.808,492,138,58,15,61,0,16,3.2,916
2000,Fred McGriff,TBD,1B,36,0.277,0.373,0.452,0.826,566,157,82,27,106,2,7.1,0.1,293
1994,Cecil Fielder,DET,1B,30,0.259,0.337,0.504,0.84,425,110,67,28,90,0,7,2,1004026
2008,Adam LaRoche,PIT,1B,28,0.27,0.341,0.5,0.841,492,133,66,25,85,1,9.6,1.3,1904
1989,Mark McGwire,OAK,1B,25,0.231,0.339,0.467,0.806,490,113,74,33,95,1,20,4.3,1008559
1995,J.T. Snow,CAL,1B,27,0.289,0.353,0.465,0.818,544,157,80,24,102,2,7.9,0.6,1133
1996,Jose Offerman,KCR,1B,27,0.303,0.384,0.417,0.801,561,170,85,5,47,24,4.5,2.1,205
1987,Eddie Murray,BAL,1B,31,0.277,0.352,0.477,0.829,618,171,89,30,91,1,15.4,4.1,1009386
1980,Steve Garvey,LAD,1B,31,0.304,0.341,0.467,0.808,658,200,78,26,106,6,19.4,3.1,1004557
1996,Will Clark,TEX,1B,32,0.284,0.377,0.436,0.813,436,124,69,13,72,2,2.2,1.8,1002318
2017,Mark Reynolds,COL,1B,33,0.267,0.352,0.487,0.839,520,139,82,30,97,2,1,0.9,7619
1982,Keith Hernandez,STL,1B,28,0.299,0.397,0.413,0.81,579,173,79,7,94,19,19.9,4.7,1005706
1981,Pete Rose,PHI,1B,40,0.325,0.391,0.39,0.781,431,140,73,0,33,4,12.2,1.9,1011217
1991,Carlos Quintana,BOS,1B,25,0.295,0.375,0.412,0.787,478,141,69,11,71,1,10.8,2.6,1010616
1985,Keith Hernandez,NYM,1B,31,0.309,0.384,0.43,0.814,593,183,87,10,91,3,22.2,5,1005706
1969,Nate Colbert,SDP,1B,23,0.255,0.322,0.482,0.804,483,123,64,24,66,6,15.6,2.6,1002407
1980,Lee Mazzilli,NYM,1B,25,0.28,0.37,0.431,0.801,578,162,82,16,76,41,22.2,3.3,1008318
2006,Kevin Youkilis,BOS,1B,27,0.279,0.381,0.429,0.81,569,159,100,13,72,5,10.8,2.7,1935
2000,Todd Zeile,NYM,1B,34,0.268,0.356,0.467,0.823,544,146,67,22,79,3,8.2,2.7,457
1987,Keith Hernandez,NYM,1B,33,0.29,0.377,0.436,0.813,587,170,87,18,89,0,18.2,3.6,1005706
2014,Adam LaRoche,WSN,1B,34,0.259,0.362,0.455,0.817,494,128,73,26,92,3,12.4,2,1904
1993,Don Mattingly,NYY,1B,32,0.291,0.364,0.445,0.809,530,154,78,17,86,0,13.4,2.9,1008261
1998,Fred McGriff,TBD,1B,34,0.284,0.371,0.443,0.815,564,160,73,19,81,7,9.7,3.1,293
1996,Cecil Fielder,2+,1B,32,0.252,0.35,0.484,0.834,591,149,85,39,117,2,5.8,1.5,1004026
1974,John Mayberry,KCR,1B,25,0.234,0.358,0.424,0.782,427,100,63,22,69,4,12.9,1.9,1008289
1995,Rico Brogna,NYM,1B,25,0.289,0.342,0.485,0.827,495,143,72,22,76,0,11.2,2.3,1001464
2006,Richie Sexson,SEA,1B,31,0.264,0.338,0.504,0.842,591,156,75,34,107,1,8.6,2.4,709
1986,Pat Tabler,CLE,1B,28,0.326,0.368,0.433,0.801,473,154,61,6,48,3,10.8,1.9,1012806
1988,Don Mattingly,NYY,1B,27,0.311,0.353,0.462,0.816,599,186,94,18,88,1,17.3,3.3,1008261
2011,Carlos Pena,CHC,1B,33,0.225,0.357,0.462,0.819,493,111,72,28,80,2,15.9,2.5,934
2006,Kevin Millar,BAL,1B,34,0.272,0.374,0.437,0.811,430,117,64,15,64,1,0.6,-0.1,529
2000,J.T. Snow,SFG,1B,32,0.284,0.365,0.459,0.824,536,152,82,19,96,1,7.6,1.3,1133
2018,Jose Martinez,STL,1B,29,0.305,0.364,0.457,0.821,534,163,64,17,83,0,17.5,2.4,7996
1987,Greg Brock,MIL,1B,30,0.299,0.371,0.438,0.809,532,159,81,13,85,5,10.1,1.7,1001455
1979,Dave Revering,OAK,1B,26,0.288,0.334,0.483,0.817,472,136,63,19,77,1,11.6,1.8,1010855
1978,Carl Yastrzemski,BOS,1B,38,0.277,0.367,0.423,0.79,523,145,70,17,81,4,9.3,2.4,1014326
1974,Tony Perez,CIN,1B,32,0.265,0.331,0.46,0.791,596,158,81,28,101,1,15.5,3.3,1010188
2011,Ryan Howard,PHI,1B,31,0.253,0.346,0.488,0.835,557,141,81,33,116,1,9.3,1.6,2154
1986,Darrell Evans,DET,1B,39,0.241,0.356,0.442,0.798,507,122,78,29,85,3,14.8,3.8,1003864
2001,Sean Casey,CIN,1B,26,0.31,0.369,0.458,0.827,533,165,69,13,89,3,8.6,1.3,314
1971,Carlos May,CHW,1B,23,0.294,0.375,0.406,0.781,500,147,64,7,70,16,12.7,1.2,1008291
1980,Bill Buckner,CHC,1B,30,0.324,0.353,0.457,0.81,578,187,69,10,68,1,10.5,1.8,1001625
1993,Will Clark,SFG,1B,29,0.283,0.367,0.432,0.799,491,139,82,14,73,2,13.5,1.9,1002318
1986,Alvin Davis,SEA,1B,25,0.271,0.373,0.426,0.799,479,130,66,18,72,0,9,0.9,1003033
1991,Randy Milligan,BAL,1B,29,0.263,0.373,0.406,0.779,483,127,57,16,70,0,12.4,1.9,1008946
1990,Will Clark,SFG,1B,26,0.295,0.357,0.448,0.805,600,177,91,19,95,8,18.6,3.2,1002318
1990,Brook Jacoby,CLE,1B,30,0.293,0.365,0.427,0.792,553,162,77,14,75,1,13.1,3.7,1006318
2015,Eric Hosmer,KCR,1B,25,0.297,0.363,0.459,0.822,599,178,98,18,93,7,21.7,3.5,3516
1979,Andre Thornton,CLE,1B,29,0.233,0.347,0.449,0.796,515,120,89,26,93,5,11.5,2.4,1013037
2015,Adrian Gonzalez,LAD,1B,33,0.275,0.35,0.48,0.83,571,157,76,28,90,0,15.9,3,1908
1980,Willie Aikens,KCR,1B,25,0.278,0.356,0.433,0.789,543,151,70,20,98,1,12.2,2.3,1000090
1975,Carl Yastrzemski,BOS,1B,35,0.269,0.371,0.405,0.776,543,146,91,14,60,8,8.7,2.9,1014326
1974,Joe Torre,STL,1B,33,0.282,0.371,0.401,0.772,529,149,59,11,70,1,11.8,3.2,1013133
1995,Cecil Fielder,DET,1B,31,0.243,0.346,0.472,0.818,494,120,70,31,82,0,5.7,0.7,1004026
2005,Lyle Overbay,MIL,1B,28,0.276,0.367,0.449,0.816,537,148,80,19,72,1,9.4,2.3,1617
2011,Casey Kotchman,TBR,1B,28,0.306,0.378,0.422,0.8,500,153,44,10,48,2,13,2.3,1930
2006,Prince Fielder,MIL,1B,22,0.271,0.347,0.483,0.831,569,154,82,28,81,7,6.8,0.7,4613
2014,Carlos Santana,CLE,1B,28,0.231,0.365,0.427,0.792,541,125,68,27,85,5,17.5,2.2,2396
2007,Justin Morneau,MIN,1B,26,0.271,0.343,0.492,0.834,590,160,84,31,111,1,9.3,2.2,1737
1984,Willie Upshaw,TOR,1B,27,0.278,0.345,0.464,0.809,569,158,79,19,84,10,11.7,2.6,1013293
1974,George Scott,MIL,1B,30,0.281,0.345,0.432,0.777,604,170,74,17,82,9,16,4.5,1011682
1988,Glenn Davis,HOU,1B,27,0.271,0.341,0.478,0.818,561,152,78,30,99,4,21.6,3.9,1003052
1983,Jason Thompson,PIT,1B,28,0.259,0.376,0.406,0.782,517,134,70,18,76,1,14.1,2.4,1013014
1992,Rafael Palmeiro,TEX,1B,27,0.268,0.352,0.434,0.786,608,163,84,22,85,2,15.8,3.4,1266
1987,Pat Tabler,CLE,1B,29,0.307,0.369,0.439,0.809,553,170,66,11,86,5,10.6,1.8,1012806
2004,Tino Martinez,TBD,1B,36,0.262,0.362,0.461,0.823,458,120,63,23,76,3,5.3,1.7,1168
1990,Mark Grace,CHC,1B,26,0.309,0.372,0.413,0.785,589,182,72,9,82,15,10.6,3.5,56
1973,Nate Colbert,SDP,1B,27,0.27,0.343,0.45,0.793,529,143,73,22,80,9,14.2,2.7,1002407
1987,Carmelo Martinez,SDP,1B,26,0.273,0.372,0.43,0.802,447,122,59,15,70,5,9.6,1.7,1008157
1972,Ron Fairly,MON,1B,33,0.278,0.348,0.43,0.779,446,124,51,17,68,3,9.8,2.6,1003907
2006,Conor Jackson,ARI,1B,24,0.291,0.368,0.441,0.809,485,141,75,15,79,1,1.1,0.4,5997
2001,Tino Martinez,NYY,1B,33,0.28,0.329,0.501,0.83,589,165,89,34,113,1,13.3,2.1,1168
1982,Dan Driessen,CIN,1B,30,0.269,0.368,0.421,0.789,516,139,64,17,57,11,13.8,1.8,1003501
1980,Dan Driessen,CIN,1B,28,0.265,0.377,0.418,0.795,524,139,81,14,74,19,16.4,3,1003501
1982,Willie Aikens,KCR,1B,27,0.281,0.345,0.457,0.802,466,131,50,17,74,0,10.3,2.1,1000090
2012,Garrett Jones,PIT,1B,31,0.274,0.317,0.516,0.832,475,130,68,27,86,2,13.8,1.6,2714
1985,Leon Durham,CHC,1B,27,0.282,0.357,0.465,0.822,542,153,58,21,75,7,10.5,2.3,1003592
2002,Scott Spiezio,ANA,1B,29,0.285,0.371,0.436,0.807,491,140,80,12,82,6,7.6,2.8,37
1978,Bob Watson,HOU,1B,32,0.289,0.357,0.451,0.808,461,133,51,14,79,3,16.6,3.5,1013677
1994,Tino Martinez,SEA,1B,26,0.261,0.32,0.508,0.828,329,86,42,20,61,1,2.7,1.3,1168
1976,Tony Perez,CIN,1B,34,0.26,0.328,0.452,0.779,527,137,77,19,91,10,11.4,2.8,1010188
1970,Deron Johnson,PHI,1B,31,0.256,0.338,0.456,0.794,574,147,66,27,93,0,9.5,1.5,1006444
2012,Chris Davis,BAL,1B,26,0.27,0.326,0.501,0.827,515,139,75,33,85,2,12,1.8,9272
2019,Danny Santana,TEX,1B,28,0.283,0.324,0.534,0.857,474,134,81,28,81,21,11.6,1.9,10322
1987,Andres Galarraga,MON,1B,26,0.305,0.361,0.459,0.821,551,168,72,13,90,7,7.3,2.4,1390
1973,Joe Torre,STL,1B,32,0.287,0.376,0.403,0.779,519,149,67,13,69,2,12.5,2.6,1013133
2001,Derrek Lee,FLA,1B,25,0.282,0.346,0.474,0.82,561,158,83,21,75,4,11.8,1.9,525
2014,Adrian Gonzalez,LAD,1B,32,0.276,0.335,0.482,0.817,591,163,83,27,116,1,19.3,3.7,1908
1999,Lee Stevens,TEX,1B,31,0.282,0.344,0.485,0.829,517,146,76,24,81,2,0.1,1.3,796
2003,Kevin Millar,BOS,1B,31,0.276,0.348,0.472,0.82,544,150,83,25,96,3,5.8,0.3,529
2011,Michael Cuddyer,MIN,1B,32,0.284,0.346,0.459,0.805,529,150,70,20,70,11,12.4,2.5,1534
1984,Pete O'Brien,TEX,1B,26,0.287,0.348,0.448,0.796,520,149,57,18,80,3,10.8,3.1,1009700
2002,Brian Daubach,BOS,1B,30,0.266,0.348,0.464,0.812,444,118,62,20,78,2,4.6,0.4,186
2011,Carlos Santana,CLE,1B,25,0.239,0.351,0.457,0.808,552,132,84,27,79,5,15.9,0.3,2396
1981,Warren Cromartie,MON,1B,27,0.304,0.37,0.419,0.789,358,109,41,6,42,2,8.2,2.2,1002786
1977,Tony Perez,MON,1B,35,0.283,0.352,0.463,0.816,559,158,71,19,91,4,11.7,2.9,1010188
1981,Dave Kingman,NYM,1B,32,0.221,0.326,0.456,0.782,353,78,40,22,59,6,11.2,1.3,1006939
1997,Fred McGriff,ATL,1B,33,0.277,0.356,0.441,0.797,564,156,77,22,97,5,9.2,1.4,293
2015,Adam Lind,MIL,1B,31,0.277,0.36,0.46,0.82,502,139,72,20,87,0,10.1,2,8027
1986,Wally Joyner,CAL,1B,24,0.29,0.348,0.457,0.805,593,172,82,22,100,5,13.5,3.3,1006637
1969,Wes Parker,LAD,1B,29,0.278,0.353,0.427,0.78,471,131,76,13,68,4,15.7,3,1010009
1992,Randy Milligan,BAL,1B,30,0.24,0.383,0.361,0.744,462,111,71,11,53,0,10.9,2.3,1008946
2017,Carlos Santana,CLE,1B,31,0.259,0.363,0.455,0.818,571,148,90,23,79,5,12.9,2.9,2396
1972,Norm Cash,DET,1B,37,0.259,0.338,0.445,0.783,440,114,51,22,61,0,13.3,1.7,1002043
2004,Shawn Green,LAD,1B,31,0.266,0.352,0.459,0.811,590,157,92,28,86,5,10.2,2.2,651
1992,Paul Sorrento,CLE,1B,26,0.269,0.341,0.443,0.784,458,123,52,18,60,0,9.3,1.8,1012282
2014,Todd Frazier,CIN,1B,28,0.273,0.336,0.459,0.795,597,163,88,29,80,20,20.5,4.5,785
1976,Willie Montanez,2+,1B,28,0.317,0.352,0.418,0.771,650,206,74,11,84,2,7.7,1.3,1009062
1976,Chris Chambliss,NYY,1B,27,0.293,0.323,0.441,0.765,641,188,79,17,96,1,18.6,4.1,1002119
1977,Eddie Murray,BAL,1B,21,0.283,0.333,0.47,0.803,611,173,81,27,88,0,17.9,3,1009386
2004,Shea Hillenbrand,ARI,1B,28,0.31,0.348,0.464,0.812,562,174,68,15,80,2,2.6,0.8,196
2002,Mo Vaughn,NYM,1B,34,0.259,0.349,0.456,0.805,487,126,67,26,72,0,4.8,0.3,899
2011,Mark Reynolds,BAL,1B,27,0.221,0.323,0.483,0.806,534,118,84,37,86,6,10.3,0.1,7619
1969,Tony Horton,CLE,1B,24,0.278,0.319,0.461,0.78,625,174,77,27,93,3,9.7,2.2,1006037
2013,Eric Hosmer,KCR,1B,23,0.302,0.353,0.448,0.801,623,188,86,17,79,11,16.2,3.1,3516
2007,Kevin Millar,BAL,1B,35,0.254,0.365,0.42,0.785,476,121,63,17,63,1,4.8,0.6,529
1986,Bob Horner,ATL,1B,28,0.273,0.336,0.472,0.808,517,141,70,27,87,1,6.8,1.1,1006026
1997,Rafael Palmeiro,BAL,1B,32,0.254,0.329,0.485,0.815,614,156,95,38,110,5,8.6,3.3,1266
1987,Greg Walker,CHW,1B,27,0.256,0.346,0.465,0.81,566,145,85,27,94,2,9.7,2,1013520
1971,Ron Fairly,MON,1B,32,0.257,0.373,0.396,0.769,447,115,58,13,71,1,9.8,3.2,1003907
1972,Boog Powell,BAL,1B,30,0.252,0.346,0.434,0.78,465,117,53,21,81,4,18.3,2.5,1010482
2017,Trey Mancini,BAL,1B,25,0.293,0.338,0.488,0.826,543,159,65,24,78,1,11.6,1.6,15149
1991,John Olerud,TOR,1B,22,0.256,0.353,0.438,0.791,454,116,64,17,68,0,8.8,2.5,1093
2005,Sean Casey,CIN,1B,30,0.312,0.371,0.423,0.795,529,165,75,9,58,2,2.6,1.3,314
1985,Pete O'Brien,TEX,1B,27,0.267,0.342,0.452,0.794,573,153,69,22,92,5,7.7,2.8,1009700
2018,Justin Smoak,TOR,1B,31,0.242,0.35,0.457,0.808,505,122,67,25,77,0,7.9,1.7,9054
2017,Joe Mauer,MIN,1B,34,0.305,0.384,0.417,0.801,525,160,69,7,71,2,6.3,2.3,1857
1979,Carl Yastrzemski,BOS,1B,39,0.27,0.346,0.45,0.796,518,140,69,21,87,3,3.2,2.2,1014326
1983,Ray Knight,HOU,1B,30,0.304,0.355,0.444,0.798,507,154,43,9,70,0,14.6,3.3,1007043
2016,Jose Abreu,CHW,1B,29,0.293,0.353,0.468,0.82,624,183,67,25,100,0,11.7,2,15676
1970,Joe Hague,STL,1B,26,0.271,0.358,0.417,0.775,451,122,58,14,68,2,5.8,1.2,1005200
1992,Cecil Fielder,DET,1B,28,0.244,0.325,0.458,0.783,594,145,80,35,124,0,11.7,2.5,1004026
1998,Kevin Young,PIT,1B,29,0.27,0.328,0.481,0.809,592,160,88,27,108,15,6.9,1.7,1018
1989,George Brett,KCR,1B,36,0.282,0.362,0.431,0.793,457,129,67,12,80,14,12.2,1.6,1001400
1988,Mark Grace,CHC,1B,24,0.296,0.371,0.403,0.774,486,144,65,7,57,3,10.8,1.1,56
1985,Kent Hrbek,MIN,1B,25,0.278,0.351,0.444,0.795,593,165,78,21,93,1,8.7,2.5,1006117
2003,Travis Lee,TBD,1B,28,0.275,0.348,0.459,0.807,542,149,75,19,70,6,7.3,3.4,958
2015,Mitch Moreland,TEX,1B,29,0.278,0.33,0.482,0.812,471,131,51,23,85,1,10.5,2.2,3086
2007,Adam LaRoche,PIT,1B,27,0.272,0.345,0.458,0.803,563,153,71,21,88,1,3,1.9,1904
1982,Darrell Evans,SFG,1B,35,0.256,0.36,0.419,0.779,465,119,64,16,61,5,13,2.2,1003864
2011,Freddie Freeman,ATL,1B,21,0.282,0.346,0.448,0.795,571,161,67,21,76,4,9.9,0.6,5361
2004,Carlos Pena,DET,1B,26,0.241,0.338,0.472,0.81,481,116,89,27,82,7,11.3,2,934
2020,Joey Votto,CIN,1B,36,0.226,0.354,0.446,0.8,186,42,32,11,22,0,2.3,0.6,4314
2020,Wilmer Flores,SFG,1B,28,0.268,0.315,0.515,0.83,198,53,30,12,32,1,5.1,1,5827
2020,Jesus Aguilar,MIA,1B,30,0.277,0.352,0.457,0.809,188,52,31,8,34,0,4.4,0.6,11342
1996,Wally Joyner,SDP,1B,34,0.277,0.377,0.404,0.781,433,120,59,8,65,5,9.7,2.8,1006637
1972,Dave Kingman,SFG,1B,23,0.225,0.303,0.462,0.765,472,106,65,29,83,16,10.6,2.6,1006939
1978,Tony Perez,MON,1B,36,0.29,0.336,0.449,0.785,544,158,63,14,78,2,12.6,3.2,1010188
2018,C.J. Cron,TBR,1B,28,0.253,0.323,0.493,0.816,501,127,68,30,74,1,13.8,2.2,12546
1995,Gregg Jefferies,PHI,1B,27,0.306,0.349,0.448,0.797,480,147,69,11,56,9,4.6,1.6,1006379
2019,Rhys Hoskins,PHI,1B,26,0.226,0.364,0.454,0.819,570,129,86,29,85,2,9.6,2.2,16472
1975,Willie Montanez,2+,1B,27,0.302,0.353,0.415,0.769,602,182,61,10,101,6,6.6,1.9,1009062
2003,Mark Teixeira,TEX,1B,23,0.259,0.331,0.48,0.811,529,137,66,26,84,1,-0.2,1.7,1281
2020,Renato Nunez,BAL,1B,26,0.256,0.324,0.492,0.816,195,50,29,12,31,0,3.9,0.4,14503
1997,Dave Nilsson,MIL,1B,27,0.278,0.352,0.446,0.798,554,154,71,20,81,2,2.2,1.4,1009601
1987,Pete O'Brien,TEX,1B,29,0.286,0.348,0.457,0.805,569,163,84,23,88,0,4.5,2.8,1009700
1986,Sid Bream,PIT,1B,25,0.268,0.341,0.45,0.791,522,140,73,16,77,13,11.3,3.3,1001373
2010,Ike Davis,NYM,1B,23,0.264,0.351,0.44,0.791,523,138,73,19,71,3,10,2.9,8433
2013,Adrian Gonzalez,LAD,1B,31,0.293,0.342,0.461,0.803,583,171,69,22,100,1,13,2.4,1908
2012,Adam Dunn,CHW,1B,32,0.204,0.333,0.468,0.8,539,110,87,41,96,2,10.5,2.1,319
2016,Chris Carter,MIL,1B,29,0.222,0.321,0.499,0.821,549,122,84,41,94,3,6.2,1,9911
2008,Jorge Cantu,FLA,1B,26,0.277,0.327,0.481,0.808,628,174,92,29,95,6,8.4,2.6,2521
1980,Chris Chambliss,ATL,1B,31,0.282,0.338,0.44,0.779,602,170,83,18,72,7,8.6,2.7,1002119
1973,Al Oliver,PIT,1B,26,0.292,0.316,0.463,0.779,654,191,90,20,99,6,14.5,1.4,1009773
1994,Mark Grace,CHC,1B,30,0.298,0.37,0.414,0.784,403,120,55,6,44,0,3.5,1.8,56
1975,Dave Kingman,NYM,1B,26,0.231,0.284,0.494,0.778,502,116,65,36,88,7,9.1,1.7,1006939
1971,Matty Alou,STL,1B,32,0.315,0.352,0.415,0.767,609,192,85,7,74,19,12.9,3,1000179
1985,Willie Upshaw,TOR,1B,28,0.275,0.342,0.447,0.789,501,138,79,15,65,8,5.8,2.4,1013293
1995,Jeff King,PIT,1B,30,0.265,0.342,0.456,0.798,445,118,61,18,87,7,2.8,2.7,1006931
2019,Paul Goldschmidt,STL,1B,31,0.26,0.346,0.476,0.821,597,155,97,34,97,3,17.2,2.9,9218
1986,Leon Durham,CHC,1B,28,0.262,0.35,0.452,0.803,484,127,66,20,65,8,4.7,0.7,1003592
2012,Adrian Gonzalez,2+,1B,30,0.299,0.344,0.463,0.806,629,188,75,18,108,2,9.6,3,1908
1974,Davey Johnson,ATL,1B,31,0.251,0.358,0.39,0.748,454,114,56,15,62,1,4,1.9,1006440
2019,Christian Walker,ARI,1B,28,0.259,0.348,0.476,0.825,529,137,86,29,73,8,11.4,2.2,13419
1983,Mike Hargrove,CLE,1B,33,0.286,0.388,0.367,0.755,469,134,57,3,57,0,5.9,1.7,1005361
1999,Tino Martinez,NYY,1B,31,0.263,0.341,0.458,0.8,589,155,95,28,105,3,1.3,2.4,1168
2010,Gaby Sanchez,FLA,1B,26,0.273,0.341,0.448,0.788,572,156,72,19,85,5,7.7,1.8,3361
2018,Cody Bellinger,LAD,1B,22,0.26,0.343,0.47,0.814,557,145,84,25,76,14,19.9,3.6,15998
2012,Mark Teixeira,NYY,1B,32,0.251,0.332,0.475,0.807,451,113,66,24,84,2,8.9,2.7,1281
2005,Shea Hillenbrand,TOR,1B,29,0.291,0.343,0.449,0.792,594,173,91,18,82,5,7.4,2.1,196
1999,Richie Sexson,CLE,1B,24,0.255,0.305,0.514,0.818,479,122,72,31,116,3,-2.2,0.4,709
2017,Yuli Gurriel,HOU,1B,33,0.299,0.332,0.486,0.817,529,158,69,18,75,3,13.5,1.7,19198
1993,Eddie Murray,NYM,1B,37,0.285,0.325,0.467,0.792,610,174,77,27,100,2,7.4,1.9,1009386
2004,Scott Hatteberg,OAK,1B,34,0.284,0.367,0.42,0.787,550,156,87,15,82,0,6.7,1.2,916
1977,Willie Montanez,ATL,1B,29,0.287,0.328,0.458,0.786,544,156,70,20,68,1,1.1,0,1009062
1977,Larry Biittner,CHC,1B,31,0.298,0.345,0.432,0.777,493,147,74,12,62,2,0.5,0.8,1000962
1984,Pat Tabler,CLE,1B,26,0.29,0.354,0.41,0.764,473,137,66,10,68,3,7.5,1.8,1012806
1997,Jeff King,KCR,1B,32,0.238,0.341,0.451,0.792,543,129,84,28,112,16,3.8,3.4,1006931
2019,Jose Abreu,CHW,1B,32,0.284,0.33,0.503,0.834,634,180,85,33,123,2,9,1.8,15676
1982,Bill Buckner,CHC,1B,32,0.306,0.342,0.441,0.783,657,201,93,15,105,15,11.2,3.1,1001625
1973,Lee May,HOU,1B,30,0.27,0.31,0.479,0.789,545,147,65,28,105,1,10.2,1.4,1008303
1981,Rod Carew,CAL,1B,35,0.305,0.38,0.374,0.753,364,111,57,2,21,16,9.8,2.7,1001942
2008,Lyle Overbay,TOR,1B,31,0.27,0.358,0.419,0.777,544,147,74,15,69,1,1.9,1.6,1617
2004,Mike Piazza,NYM,1B,35,0.266,0.362,0.444,0.806,455,121,47,20,54,0,-1.9,0.5,893
1975,Chris Chambliss,NYY,1B,26,0.304,0.336,0.434,0.77,562,171,66,9,72,0,9.9,3,1002119
1977,Cecil Cooper,MIL,1B,27,0.3,0.326,0.463,0.789,643,193,86,20,78,13,9,2.5,1002592
2009,Jorge Cantu,FLA,1B,27,0.289,0.345,0.443,0.788,585,169,67,16,100,3,1.7,0.9,2521
2010,Derrek Lee,2+,1B,34,0.26,0.347,0.428,0.774,547,142,80,19,80,1,1.6,1.4,525
1994,Paul Sorrento,CLE,1B,28,0.28,0.345,0.453,0.799,322,90,43,14,62,0,0.1,0.6,1012282
2011,Eric Hosmer,KCR,1B,21,0.293,0.334,0.465,0.799,523,153,66,19,78,11,11.6,1.1,3516
1972,Carl Yastrzemski,BOS,1B,32,0.264,0.357,0.391,0.748,455,120,70,12,68,5,10.1,2.4,1014326
1977,Darrell Evans,SFG,1B,30,0.254,0.351,0.416,0.768,461,117,64,17,72,9,6.2,1.8,1003864
2008,Paul Konerko,CHW,1B,32,0.24,0.344,0.438,0.783,438,105,59,22,62,2,-4.6,0.4,242
2016,Mike Napoli,CLE,1B,34,0.239,0.335,0.465,0.8,557,133,92,34,101,5,3.1,0.7,3057
1970,Don Mincher,OAK,1B,32,0.246,0.327,0.46,0.787,463,114,62,27,74,5,8.8,2.2,1008973
2012,Freddie Freeman,ATL,1B,22,0.259,0.34,0.456,0.796,540,140,91,23,94,2,10.3,1.7,5361
1978,Mike Hargrove,TEX,1B,28,0.251,0.388,0.346,0.734,494,124,63,7,40,2,7.9,1.9,1005361
2011,Gaby Sanchez,FLA,1B,27,0.266,0.352,0.427,0.779,572,152,72,19,78,3,10.4,2.7,3361
1977,Chris Chambliss,NYY,1B,28,0.287,0.336,0.445,0.781,600,172,90,17,90,4,12,2.7,1002119
2020,Pete Alonso,NYM,1B,25,0.231,0.326,0.49,0.817,208,48,31,16,35,1,3.6,0.4,19251
1980,Tony Perez,BOS,1B,38,0.275,0.32,0.467,0.786,585,161,73,25,105,1,3.1,0.9,1010188
1976,George Scott,MIL,1B,32,0.274,0.334,0.414,0.748,606,166,73,18,77,0,11.9,3.4,1011682
1976,Lee May,BAL,1B,33,0.258,0.312,0.447,0.759,530,137,61,25,109,4,16.1,2.7,1008303
1988,Wally Joyner,CAL,1B,26,0.295,0.356,0.419,0.775,597,176,81,13,85,8,12.3,3.1,1006637
1997,Eric Karros,LAD,1B,29,0.266,0.329,0.459,0.787,628,167,86,31,104,15,8.9,1.5,659
1975,Carlos May,CHW,1B,27,0.271,0.373,0.374,0.747,454,123,55,8,53,12,5.6,0.7,1008291
1985,Steve Balboni,KCR,1B,28,0.243,0.307,0.477,0.783,600,146,74,36,88,1,7.5,1.2,1000473
2016,Wil Myers,SDP,1B,25,0.259,0.336,0.461,0.797,599,155,99,28,94,28,19.4,3.5,10047
1970,Lee May,CIN,1B,27,0.253,0.297,0.484,0.782,605,153,78,34,94,1,6.6,2.5,1008303
2010,Adam LaRoche,ARI,1B,30,0.261,0.32,0.468,0.788,560,146,75,25,100,0,-4.9,0.7,1904
1974,John Ellis,CLE,1B,25,0.285,0.33,0.421,0.751,477,136,58,10,64,1,7.6,2.1,1003750
1973,John Milner,NYM,1B,23,0.239,0.329,0.432,0.762,451,108,69,23,72,1,8.1,1.2,1008965
2010,Mike Napoli,LAA,1B,28,0.238,0.316,0.468,0.784,453,108,60,26,68,4,7.5,2.1,3057
2011,Carlos Lee,HOU,1B,35,0.275,0.342,0.446,0.788,585,161,66,18,94,4,4.7,2.9,243
1974,Dan Driessen,CIN,1B,22,0.281,0.347,0.4,0.747,470,132,63,7,56,10,7.3,2,1003501
2020,Colin Moran,PIT,1B,27,0.247,0.325,0.472,0.797,178,44,28,10,23,0,0.4,0.5,16909
1998,Travis Lee,ARI,1B,23,0.269,0.346,0.429,0.775,562,151,71,22,72,8,2.4,1,958
2004,Rafael Palmeiro,BAL,1B,39,0.258,0.359,0.436,0.796,550,142,68,23,88,2,1.2,0.2,1266
2003,Jeff Conine,2+,1B,37,0.282,0.338,0.459,0.797,577,163,88,20,95,5,9.8,1.9,131
1999,Rico Brogna,PHI,1B,29,0.278,0.336,0.454,0.79,619,172,90,24,102,8,-5.6,1.1,1001464
1974,Willie Montanez,PHI,1B,26,0.304,0.343,0.41,0.753,527,160,55,7,79,3,2.5,1.1,1009062
2016,Chris Davis,BAL,1B,30,0.221,0.332,0.459,0.792,566,125,99,38,84,1,14.3,2.9,9272
1996,Eric Karros,LAD,1B,28,0.26,0.316,0.479,0.795,608,158,84,34,111,8,12.7,2.6,659
2014,Albert Pujols,LAA,1B,34,0.272,0.324,0.466,0.79,633,172,89,28,105,5,10.4,2.7,1177
2018,Matt Olson,OAK,1B,24,0.247,0.335,0.453,0.788,580,143,85,29,84,2,12.8,3.5,14344
1971,George Scott,BOS,1B,27,0.263,0.317,0.441,0.758,537,141,72,24,78,0,3.5,2.8,1011682
1988,Gene Larkin,MIN,1B,25,0.267,0.368,0.382,0.75,505,135,56,8,70,3,5,1.3,1007347
1979,Ron Jackson,MIN,1B,26,0.271,0.337,0.429,0.766,583,158,85,14,68,3,2.4,1.8,1006310
2006,Mike Jacobs,FLA,1B,25,0.262,0.325,0.473,0.798,469,123,54,20,77,3,-0.9,0.3,2231
2014,Brandon Moss,OAK,1B,30,0.234,0.334,0.438,0.772,500,117,70,25,81,1,15.8,2.7,4467
1985,Cecil Cooper,MIL,1B,35,0.293,0.322,0.456,0.779,631,185,82,16,99,10,8.9,1.8,1002592
1972,George Scott,MIL,1B,28,0.266,0.321,0.426,0.746,578,154,71,20,88,16,16.6,4.2,1011682
2013,James Loney,TBR,1B,29,0.299,0.348,0.43,0.778,549,164,54,13,75,3,9.8,2.2,4556
1974,John Milner,NYM,1B,24,0.252,0.337,0.408,0.745,507,128,70,20,63,10,9.4,1.9,1008965
1988,Pete O'Brien,TEX,1B,30,0.272,0.352,0.408,0.76,547,149,57,16,71,1,6.1,3.4,1009700
2007,Aubrey Huff,BAL,1B,30,0.28,0.337,0.442,0.778,550,154,68,15,72,1,3,0.8,1213
2020,Christian Walker,ARI,1B,29,0.271,0.333,0.459,0.792,218,59,35,7,34,1,3.8,0.8,13419
1970,Joe Pepitone,2+,1B,29,0.258,0.304,0.482,0.786,492,127,82,26,79,5,-0.8,1.1,1010167
2003,John Olerud,SEA,1B,34,0.269,0.372,0.39,0.761,539,145,64,10,83,0,0.9,2.1,1093
2008,Garrett Atkins,COL,1B,28,0.286,0.328,0.452,0.78,611,175,86,21,99,1,-4.4,0.1,1790
1982,Willie Upshaw,TOR,1B,25,0.267,0.327,0.443,0.77,580,155,77,21,75,8,1.1,1.5,1013293
1992,Eddie Murray,NYM,1B,36,0.261,0.336,0.423,0.759,551,144,64,16,93,4,9.6,2,1009386
1973,Earl Williams,BAL,1B,24,0.237,0.333,0.425,0.758,459,109,58,22,83,0,7.9,3.4,1013995
1989,Andres Galarraga,MON,1B,28,0.257,0.327,0.434,0.761,572,147,76,23,85,12,12.1,2.4,1390
2017,Josh Bell,PIT,1B,24,0.255,0.334,0.466,0.8,549,140,75,26,90,2,-0.4,0.6,13145
2008,Mike Jacobs,FLA,1B,27,0.247,0.299,0.514,0.812,477,118,67,32,93,1,-0.5,-1,2231
1993,Jerald Clark,COL,1B,29,0.282,0.324,0.444,0.768,478,135,65,13,67,9,-6.1,1.3,1002289
2003,Tino Martinez,STL,1B,35,0.273,0.352,0.429,0.781,476,130,66,15,69,1,-1.7,1,1168
1983,Pat Putnam,SEA,1B,29,0.269,0.326,0.448,0.773,469,126,58,19,67,2,4.3,1.1,1010577
2020,Vladimir Guerrero Jr.,TOR,1B,21,0.262,0.329,0.462,0.791,221,58,34,9,33,1,2.6,0.2,19611
2006,Xavier Nady,2+,1B,27,0.28,0.337,0.453,0.79,468,131,57,17,63,3,0.8,0.2,1658
1997,Dave Martinez,CHW,1B,32,0.286,0.356,0.413,0.768,504,144,78,12,55,12,2,2.6,1008160
1996,Greg Colbrunn,FLA,1B,26,0.286,0.333,0.438,0.772,511,146,60,16,69,4,1.9,1.7,51
1978,John Mayberry,TOR,1B,29,0.25,0.329,0.416,0.745,515,129,51,22,70,1,3.8,0,1008289
2020,Cody Bellinger,LAD,1B,24,0.239,0.333,0.455,0.789,213,51,33,12,30,6,4.9,1.2,15998
1982,Chris Chambliss,ATL,1B,33,0.27,0.337,0.436,0.773,534,144,57,20,86,7,6.1,2.7,1002119
1993,Paul Sorrento,CLE,1B,27,0.257,0.34,0.434,0.774,463,119,75,18,65,3,3.2,1.1,1012282
1977,Bruce Bochte,2+,1B,26,0.301,0.358,0.394,0.753,492,148,64,7,51,6,5.7,1.6,1001106
2018,Jose Abreu,CHW,1B,31,0.265,0.325,0.473,0.798,499,132,68,22,78,2,7.9,1.2,15676
2013,Chris Carter,HOU,1B,26,0.223,0.32,0.451,0.77,506,113,64,29,82,2,6.1,0.5,9911
1985,Bill Buckner,BOS,1B,35,0.299,0.325,0.447,0.773,673,201,89,16,110,18,6.4,2.3,1001625
1990,Carlos Quintana,BOS,1B,24,0.287,0.354,0.383,0.737,512,147,56,7,67,1,2.6,1.8,1010616
1989,Wally Joyner,CAL,1B,27,0.282,0.335,0.42,0.755,593,167,78,16,79,3,9.3,2.9,1006637
2014,Matt Adams,STL,1B,25,0.288,0.321,0.457,0.779,527,152,55,15,68,3,9.7,1.8,9393
1971,Bob Watson,HOU,1B,25,0.288,0.347,0.395,0.742,468,135,49,9,67,0,6.5,1.5,1013677
1969,Orlando Cepeda,ATL,1B,31,0.257,0.325,0.428,0.753,573,147,74,22,88,12,4.9,3.1,1002103
2013,Nick Swisher,CLE,1B,32,0.246,0.341,0.423,0.763,549,135,74,22,63,1,8.3,2.1,4599
1978,Dan Driessen,CIN,1B,26,0.25,0.345,0.397,0.742,524,131,68,16,70,28,8.3,2.7,1003501
2007,Carlos Delgado,NYM,1B,35,0.258,0.333,0.448,0.781,538,139,71,24,87,4,-3.9,0.5,1297
2003,Carlos Pena,DET,1B,25,0.248,0.332,0.44,0.772,452,112,51,18,50,4,5.6,0.6,934
1979,Chris Chambliss,NYY,1B,30,0.28,0.324,0.437,0.761,554,155,61,18,63,3,4.1,1.6,1002119
2018,Josh Bell,PIT,1B,25,0.261,0.357,0.411,0.768,501,131,74,12,62,2,4.4,0.8,13145
1970,Bob Oliver,KCR,1B,27,0.26,0.309,0.451,0.76,612,159,83,27,99,3,4.5,1.8,1009774
1993,Dave Magadan,2+,1B,30,0.273,0.378,0.356,0.734,455,124,49,5,50,2,1.8,2,1007961
1993,John Jaha,MIL,1B,27,0.264,0.337,0.416,0.753,515,136,78,19,70,13,0.2,0.6,1006336
1991,Dave Magadan,NYM,1B,28,0.258,0.378,0.342,0.721,418,108,58,4,51,1,7.3,1.6,1007961
2017,Wil Myers,SDP,1B,26,0.243,0.328,0.464,0.792,567,138,80,30,74,20,6.4,0.9,10047
1980,Warren Cromartie,MON,1B,26,0.288,0.345,0.43,0.775,597,172,74,14,70,8,6.2,1.8,1002786
1998,Brad Fullmer,MON,1B,23,0.273,0.327,0.446,0.773,505,138,58,13,73,6,-1.2,0.5,13
1993,David Segui,BAL,1B,26,0.273,0.351,0.4,0.751,450,123,54,10,60,2,1.5,1.5,169
2008,James Loney,LAD,1B,24,0.289,0.338,0.434,0.772,595,172,66,13,90,7,-3.3,-0.4,4556
2012,Mark Reynolds,BAL,1B,28,0.221,0.335,0.429,0.763,457,101,65,23,69,1,2.8,0.6,7619
2016,Adrian Gonzalez,LAD,1B,34,0.285,0.349,0.435,0.784,568,162,69,18,90,0,3.6,1.3,1908
1981,Chris Chambliss,ATL,1B,32,0.272,0.343,0.403,0.746,404,110,44,8,51,4,3.1,1.5,1002119
1986,Carney Lansford,OAK,1B,29,0.284,0.332,0.421,0.753,591,168,80,19,72,16,8.4,3,1007331
2000,Eric Karros,LAD,1B,32,0.25,0.321,0.459,0.78,584,146,84,31,106,4,-1.7,1.5,659
1969,Curt Blefary,HOU,1B,25,0.253,0.347,0.393,0.74,542,137,66,12,67,8,6.5,1.8,1001068
1971,Felipe Alou,2+,1B,36,0.288,0.333,0.409,0.742,469,135,52,8,69,5,6.7,0.7,1000177
1984,Jason Thompson,PIT,1B,29,0.254,0.357,0.389,0.746,543,138,61,17,74,0,6.1,1.6,1013014
2005,Kevin Millar,BOS,1B,33,0.272,0.355,0.399,0.753,449,122,57,9,50,0,-5.9,0.5,529
2004,Pedro Feliz,SFG,1B,29,0.276,0.305,0.485,0.79,503,139,72,22,84,5,-2,1.7,1112
2001,Lee Stevens,MON,1B,33,0.245,0.338,0.452,0.79,542,133,77,25,95,2,-4.1,-0.5,796
2002,Tino Martinez,STL,1B,34,0.262,0.337,0.438,0.776,511,134,63,21,75,3,4.1,1.3,1168
2004,Jeff Conine,FLA,1B,38,0.28,0.34,0.432,0.772,521,146,55,14,83,5,1.3,1.6,131
1978,Keith Hernandez,STL,1B,24,0.255,0.351,0.389,0.741,542,138,90,11,64,13,6,2.2,1005706
2002,Doug Mientkiewicz,MIN,1B,28,0.261,0.365,0.392,0.756,467,122,60,10,64,1,1,2.2,741
2001,Travis Lee,PHI,1B,26,0.258,0.341,0.434,0.775,555,143,75,20,90,3,-0.2,1.2,958
1988,Mike Marshall,LAD,1B,28,0.277,0.314,0.445,0.758,542,150,63,20,82,4,12.5,2.5,1008145
1999,Mark Loretta,MIL,1B,27,0.29,0.354,0.39,0.744,587,170,93,5,67,4,-7.3,0.3,1383
1989,Rafael Palmeiro,TEX,1B,24,0.275,0.354,0.374,0.728,559,154,76,8,64,4,4.6,2.5,1266
2018,Carlos Santana,PHI,1B,32,0.229,0.352,0.414,0.766,560,128,82,24,86,2,6.8,1.9,2396
2008,Ryan Garko,CLE,1B,27,0.273,0.346,0.404,0.75,495,135,61,14,90,0,-3.9,-0.2,6319
2015,Albert Pujols,LAA,1B,35,0.244,0.307,0.48,0.787,602,147,85,40,95,5,5.9,1.6,1177
2016,Brad Miller,TBR,1B,26,0.243,0.304,0.482,0.786,548,133,73,30,81,6,9.4,2.3,12775
1985,Greg Walker,CHW,1B,25,0.258,0.309,0.454,0.763,601,155,77,24,92,5,1.2,1,1013520
1987,Joe Carter,CLE,1B,27,0.264,0.304,0.48,0.784,588,155,83,32,106,31,3.9,1.3,1002018
2019,Daniel Vogelbach,SEA,1B,26,0.208,0.341,0.439,0.78,462,96,73,30,76,0,7.6,1.6,14130
1977,Dan Meyer,SEA,1B,24,0.273,0.32,0.442,0.762,582,159,75,22,90,11,1.7,1.1,1008824
1972,Matty Alou,2+,1B,33,0.307,0.35,0.379,0.729,525,161,57,4,47,13,7.7,2.2,1000179
2003,Sean Casey,CIN,1B,28,0.291,0.35,0.408,0.758,573,167,71,14,80,4,-6.3,0.7,314
2010,Lyle Overbay,TOR,1B,33,0.243,0.329,0.433,0.762,534,130,75,20,67,1,2,1.2,1617
1996,John Mabry,STL,1B,25,0.297,0.342,0.431,0.773,543,161,63,13,74,3,-0.2,1.1,1381
2006,Todd Walker,2+,1B,33,0.278,0.356,0.398,0.754,442,123,56,9,53,2,-0.9,1,359
1998,Jeff King,KCR,1B,33,0.263,0.319,0.451,0.769,486,128,83,24,93,10,-3.1,1.4,1006931
1982,Mike Hargrove,CLE,1B,32,0.271,0.377,0.338,0.715,591,160,67,4,65,2,1,1.3,1005361
2009,James Loney,LAD,1B,25,0.281,0.357,0.399,0.756,576,162,73,13,90,7,1.3,1.1,4556
2002,Randall Simon,DET,1B,27,0.301,0.32,0.459,0.779,482,145,51,19,82,0,-2.3,-0.8,497
1974,Lee May,HOU,1B,31,0.268,0.294,0.444,0.738,556,149,59,24,85,1,5.2,1.4,1008303
2019,Joey Votto,CIN,1B,35,0.261,0.357,0.411,0.768,525,137,79,15,47,5,-3.3,0.7,4314
2013,Adam Dunn,CHW,1B,33,0.219,0.32,0.442,0.762,525,115,60,34,86,1,3.3,0.4,319
2013,Justin Smoak,SEA,1B,26,0.238,0.334,0.412,0.746,454,108,53,20,50,0,2.8,0.7,9054
2003,Shea Hillenbrand,2+,1B,27,0.28,0.314,0.468,0.782,515,144,60,20,97,1,-5.9,-0.1,196
1972,Wes Parker,LAD,1B,32,0.279,0.367,0.354,0.721,427,119,45,4,59,3,5.9,2,1010009
1992,Don Mattingly,NYY,1B,31,0.288,0.327,0.416,0.742,640,184,89,14,86,3,6.1,2.5,1008261
1983,Al Oliver,MON,1B,36,0.3,0.347,0.41,0.757,614,184,70,8,84,1,5.5,1.7,1009773
2012,Ike Davis,NYM,1B,25,0.227,0.308,0.462,0.771,519,118,66,32,90,0,4.6,1,8433
2003,Scott Spiezio,ANA,1B,30,0.265,0.326,0.453,0.779,521,138,69,16,83,6,1.6,1.5,37
1994,Orlando Merced,PIT,1B,27,0.272,0.343,0.412,0.755,386,105,48,9,51,4,-2.3,1.2,1393
1979,Bill Buckner,CHC,1B,29,0.284,0.319,0.437,0.756,591,168,72,14,66,9,-4.1,1.1,1001625
1973,Chris Chambliss,CLE,1B,24,0.273,0.342,0.39,0.732,572,156,70,11,53,4,0.3,1.6,1002119
2015,Carlos Santana,CLE,1B,29,0.231,0.357,0.395,0.752,550,127,72,19,85,11,6.4,2.1,2396
1981,Bruce Bochte,SEA,1B,30,0.26,0.354,0.361,0.715,335,87,39,6,30,1,1.8,0.8,1001106
2005,Eric Hinske,TOR,1B,27,0.262,0.333,0.43,0.763,477,125,79,15,68,8,2.3,1.1,1305
1979,Jason Thompson,DET,1B,24,0.246,0.338,0.404,0.742,492,121,58,20,79,2,-1.6,1.3,1013014
2012,Jordan Pacheco,COL,1B,26,0.309,0.341,0.421,0.762,475,147,51,5,54,7,-7.3,-0.2,2677
2012,Justin Morneau,MIN,1B,31,0.267,0.333,0.44,0.773,505,135,63,19,77,1,-1.2,0.1,1737
1995,Greg Colbrunn,FLA,1B,25,0.277,0.311,0.453,0.763,528,146,70,23,89,11,-1.3,1.8,51
2010,Michael Cuddyer,MIN,1B,31,0.271,0.336,0.417,0.753,609,165,93,14,81,7,1.6,0,1534
1980,Lamar Johnson,CHW,1B,29,0.277,0.331,0.409,0.74,541,150,51,13,81,2,0.3,1.4,1006481
1990,Pedro Guerrero,STL,1B,34,0.281,0.334,0.426,0.76,498,140,42,13,80,1,1,0.3,1005120
1972,Bob Oliver,2+,1B,29,0.269,0.305,0.43,0.735,572,154,54,20,76,5,13.2,3,1009774
2017,Chase Headley,NYY,1B,33,0.273,0.352,0.406,0.758,512,140,77,12,61,9,4.6,2,4720
1979,Tony Perez,MON,1B,37,0.27,0.322,0.425,0.748,489,132,58,13,73,2,2.5,1.2,1010188
1988,Darrell Evans,DET,1B,41,0.208,0.337,0.38,0.717,437,91,48,22,64,1,2.9,1.1,1003864
2000,Brian Daubach,BOS,1B,28,0.248,0.315,0.448,0.764,495,123,55,21,76,1,-8.9,0.6,186
1981,Steve Garvey,LAD,1B,32,0.283,0.322,0.411,0.732,431,122,63,10,64,3,3.1,1.5,1004557
1982,Ray Knight,HOU,1B,29,0.294,0.344,0.402,0.746,609,179,72,6,70,2,8.8,2.6,1007043
1983,Greg Brock,LAD,1B,26,0.224,0.343,0.396,0.738,455,102,64,20,66,5,5.4,1.7,1001455
1995,Don Mattingly,NYY,1B,34,0.288,0.341,0.413,0.754,458,132,59,7,49,0,-3.8,-0.1,1008261
1992,Wally Joyner,KCR,1B,30,0.269,0.336,0.386,0.723,572,154,66,9,66,11,1.1,1.4,1006637
2004,Darin Erstad,ANA,1B,30,0.295,0.346,0.4,0.746,495,146,79,7,69,16,2.9,2.1,11
2011,James Loney,LAD,1B,27,0.288,0.339,0.416,0.755,531,153,56,12,65,4,8.2,2.1,4556
1989,Gene Larkin,MIN,1B,26,0.267,0.353,0.368,0.721,446,119,61,6,46,5,1,0.5,1007347
1975,Lee May,BAL,1B,32,0.262,0.308,0.424,0.732,580,152,67,20,99,1,4.7,1.8,1008303
2011,Mark Trumbo,LAA,1B,25,0.254,0.291,0.477,0.768,539,137,65,29,87,9,3.9,1.8,6876
1972,Chris Chambliss,CLE,1B,23,0.292,0.327,0.397,0.724,466,136,51,6,44,3,4.4,1.2,1002119
1970,Danny Cater,NYY,1B,30,0.301,0.34,0.393,0.734,582,175,64,6,76,4,4.5,2,1002079
1983,Bill Buckner,CHC,1B,33,0.28,0.31,0.436,0.746,626,175,79,16,66,12,-1.4,1.5,1001625
1977,John Mayberry,KCR,1B,28,0.23,0.336,0.401,0.737,543,125,73,23,82,1,-0.8,1,1008289
2001,Todd Zeile,NYM,1B,35,0.266,0.359,0.373,0.732,531,141,66,10,62,1,-0.8,0.9,457
2005,Ben Broussard,CLE,1B,28,0.255,0.307,0.464,0.77,466,119,59,19,68,2,1.5,0.9,312
1970,Al Oliver,PIT,1B,23,0.27,0.326,0.414,0.74,551,149,63,12,83,1,-2.1,1.7,1009773
2016,Joe Mauer,MIN,1B,33,0.261,0.363,0.389,0.752,494,129,68,11,49,2,-0.7,1,1857
2008,Nick Swisher,CHW,1B,27,0.219,0.332,0.41,0.743,497,109,86,24,69,3,-6,1.1,4599
1985,Steve Garvey,SDP,1B,36,0.281,0.318,0.43,0.748,654,184,80,17,81,0,6.1,1.5,1004557
2001,Scott Spiezio,ANA,1B,28,0.271,0.326,0.438,0.764,457,124,57,13,54,5,-0.8,2.1,37
1979,Dan Driessen,CIN,1B,27,0.25,0.33,0.414,0.744,515,129,72,18,75,11,0.5,0.8,1003501
2020,Hunter Dozier,KCR,1B,28,0.228,0.344,0.392,0.736,158,36,29,6,12,4,2.5,0.8,15117
1988,Sid Bream,PIT,1B,27,0.264,0.328,0.409,0.737,462,122,50,10,65,9,4.6,2.4,1001373
1998,Rico Brogna,PHI,1B,28,0.265,0.319,0.446,0.765,565,150,77,20,104,7,-6.7,0.6,1001464
1992,Eric Karros,LAD,1B,24,0.257,0.304,0.426,0.73,545,140,63,20,88,2,4.6,1,659
2020,Anthony Rizzo,CHC,1B,30,0.222,0.342,0.414,0.755,203,45,26,11,24,3,0.6,1.1,3473
2016,Eric Hosmer,KCR,1B,26,0.266,0.328,0.433,0.761,605,161,80,25,104,5,-3.7,0.2,3516
1991,Mark McGwire,OAK,1B,27,0.201,0.33,0.383,0.714,483,97,62,22,75,2,3.7,1.4,1008559
1987,Glenn Davis,HOU,1B,26,0.251,0.31,0.458,0.769,578,145,70,27,93,4,0.4,1.2,1003052
1989,Eddie Murray,LAD,1B,33,0.247,0.342,0.401,0.743,594,147,66,20,88,7,8.9,3.1,1009386
1989,Pete O'Brien,CLE,1B,31,0.26,0.356,0.372,0.727,554,144,75,12,55,3,1.8,1.5,1009700
2006,Shea Hillenbrand,2+,1B,30,0.277,0.313,0.451,0.764,530,147,73,21,68,1,-10.1,-0.1,196
2000,Jose Offerman,BOS,1B,31,0.255,0.354,0.359,0.713,451,115,73,9,41,0,-13.4,0.4,205
2017,Mitch Moreland,BOS,1B,31,0.246,0.326,0.443,0.769,508,125,73,22,79,0,-4.2,0.9,3086
1988,Gerald Perry,ATL,1B,27,0.3,0.338,0.4,0.739,547,164,61,8,74,29,3.2,0.7,1010211
2010,Carlos Pena,TBR,1B,32,0.196,0.325,0.407,0.732,484,95,64,28,84,5,5,1,934
2013,Anthony Rizzo,CHC,1B,23,0.233,0.323,0.419,0.742,606,141,71,23,80,6,1.1,1.8,3473
1985,Rod Carew,CAL,1B,39,0.28,0.371,0.345,0.717,443,124,69,2,39,5,-0.7,0.1,1001942
1987,Gerald Perry,ATL,1B,26,0.27,0.329,0.411,0.74,533,144,77,12,74,42,-5.4,0.1,1010211
1991,Mark Grace,CHC,1B,27,0.273,0.346,0.373,0.719,619,169,87,8,58,3,-1.8,1.7,56
2018,Justin Bour,2+,1B,30,0.227,0.341,0.404,0.746,423,96,49,20,59,2,-2,0.5,9744
2003,Scott Hatteberg,OAK,1B,33,0.253,0.342,0.383,0.725,541,137,63,12,61,0,-6.4,0.1,916
1976,Don Baylor,OAK,1B,27,0.247,0.329,0.368,0.697,595,147,85,15,68,52,12.3,2.8,1000700
1969,Ernie Banks,CHC,1B,38,0.253,0.309,0.416,0.725,565,143,60,23,106,0,-5.2,0.1,1000512
1991,Don Mattingly,NYY,1B,30,0.288,0.339,0.394,0.733,587,169,64,9,68,2,-0.1,1.7,1008261
1994,Cliff Floyd,MON,1B,21,0.281,0.332,0.398,0.731,334,94,43,4,41,10,-4.1,0.4,518
2000,Tino Martinez,NYY,1B,32,0.258,0.328,0.422,0.749,569,147,69,16,91,4,-10.3,0.2,1168
2018,Yuli Gurriel,HOU,1B,34,0.291,0.323,0.428,0.751,537,156,70,13,85,5,1.9,1.2,19198
1979,Cesar Cedeno,HOU,1B,28,0.262,0.348,0.374,0.722,470,123,57,6,54,30,4.4,2.2,1002100
1998,Derrek Lee,FLA,1B,22,0.233,0.318,0.414,0.732,454,106,62,17,74,5,-2.2,0.5,525
2008,Casey Kotchman,2+,1B,25,0.272,0.328,0.41,0.738,525,143,65,14,74,2,-10.7,0.9,1930
1980,Pete Rose,PHI,1B,39,0.282,0.352,0.354,0.706,655,185,95,1,64,12,-1,0.3,1011217
2012,Yonder Alonso,SDP,1B,25,0.273,0.348,0.393,0.741,549,150,47,9,62,3,0.8,1.1,2530
2014,Joe Mauer,MIN,1B,31,0.277,0.361,0.371,0.732,455,126,60,4,55,3,5.9,1.7,1857
1981,Tony Perez,BOS,1B,39,0.252,0.31,0.395,0.705,306,77,35,9,39,0,-0.3,0.6,1010188
2000,Kevin Young,PIT,1B,31,0.258,0.311,0.433,0.744,496,128,77,20,88,8,-11.7,-1.2,1018
1969,George Scott,BOS,1B,25,0.253,0.331,0.384,0.716,549,139,63,16,52,4,-6,1.4,1011682
1987,Sid Bream,PIT,1B,26,0.275,0.336,0.411,0.747,516,142,64,13,65,9,-5.8,1.5,1001373
1971,Wes Parker,LAD,1B,31,0.274,0.347,0.356,0.704,533,146,69,6,62,6,4.8,2.3,1010009
1992,Tino Martinez,SEA,1B,24,0.257,0.316,0.411,0.727,460,118,53,16,66,2,-0.9,0.9,1168
2013,Mark Trumbo,LAA,1B,27,0.234,0.294,0.453,0.747,620,145,85,34,100,5,2.5,1.7,6876
1993,Orestes Destrade,FLA,1B,31,0.255,0.324,0.406,0.73,569,145,61,20,87,0,-5.4,-0.2,1003233
1989,Ricky Jordan,PHI,1B,24,0.285,0.317,0.407,0.724,523,149,63,12,75,4,1.5,0.9,1006615
1986,Steve Balboni,KCR,1B,29,0.229,0.286,0.451,0.738,512,117,54,29,88,0,-3.2,0,1000473
1998,Hal Morris,KCR,1B,33,0.309,0.35,0.381,0.731,472,146,50,1,40,1,-8.6,0.2,1009209
2013,Justin Morneau,2+,1B,32,0.259,0.323,0.411,0.734,572,148,62,17,77,0,-1.8,0.8,1737
2013,Adam LaRoche,WSN,1B,33,0.237,0.332,0.403,0.735,511,121,70,20,62,4,1,0.5,1904
1986,Willie Upshaw,TOR,1B,29,0.251,0.341,0.368,0.709,573,144,85,9,60,23,-1.6,1.8,1013293
2002,Kevin Young,PIT,1B,33,0.246,0.322,0.408,0.73,468,115,60,16,51,4,-5.5,0.5,1018
1978,Lamar Johnson,CHW,1B,27,0.273,0.329,0.376,0.705,498,136,52,8,72,6,-1.8,1.1,1006481
1981,Carl Yastrzemski,BOS,1B,41,0.246,0.338,0.355,0.693,338,83,36,7,53,0,-1.4,0.5,1014326
1970,Mike Hegan,MIL,1B,27,0.244,0.336,0.366,0.701,476,116,70,11,52,9,-3,2.1,1005583
2013,Mitch Moreland,TEX,1B,27,0.232,0.299,0.437,0.736,462,107,60,23,60,0,-5.3,0.7,3086
2017,Ryon Healy,OAK,1B,25,0.271,0.302,0.451,0.754,576,156,66,25,78,0,-0.8,0.3,15447
1978,Dave Revering,OAK,1B,25,0.271,0.303,0.415,0.718,521,141,49,16,46,0,0.9,1,1010855
1977,Mike Ivie,SDP,1B,24,0.272,0.326,0.395,0.721,489,133,66,9,66,3,-0.7,0.6,1006284
2009,Daniel Murphy,NYM,1B,24,0.266,0.313,0.427,0.741,508,135,60,12,63,4,-3.7,0.8,4316
2011,Mitch Moreland,TEX,1B,25,0.259,0.32,0.414,0.733,464,120,60,16,51,2,-3.1,0.2,3086
2019,Brandon Belt,SFG,1B,31,0.234,0.339,0.403,0.742,526,123,76,17,57,4,-3.3,0.4,10264
2018,Yonder Alonso,CLE,1B,31,0.25,0.317,0.421,0.738,516,129,64,23,83,0,-2.4,0.8,2530
1969,Joe Pepitone,NYY,1B,28,0.242,0.284,0.442,0.726,513,124,49,27,70,8,-0.3,1.2,1010167
2000,Ron Coomer,MIN,1B,33,0.27,0.317,0.415,0.733,544,147,64,16,82,2,-14.8,-0.1,816
2002,Steve Cox,TBD,1B,27,0.254,0.33,0.396,0.727,560,142,65,16,72,5,-6.2,0,1200
2018,Joe Mauer,MIN,1B,35,0.282,0.351,0.379,0.729,486,137,64,6,48,0,-0.4,1.1,1857
2020,Asdrubal Cabrera,WSN,1B,34,0.242,0.305,0.447,0.753,190,46,23,8,31,0,-3.8,0,4962
1978,Chris Chambliss,NYY,1B,29,0.274,0.321,0.382,0.703,625,171,81,12,90,2,0.3,2.1,1002119
1986,Bill Buckner,BOS,1B,36,0.267,0.311,0.421,0.733,629,168,73,18,102,6,-8,0.2,1001625
2014,James Loney,TBR,1B,30,0.29,0.336,0.38,0.716,600,174,59,9,69,4,-1.1,0.9,4556
2010,Ty Wigginton,BAL,1B,32,0.248,0.312,0.415,0.727,581,144,63,22,76,0,-10.2,-0.1,1491
1999,Ron Coomer,MIN,1B,32,0.263,0.307,0.424,0.731,467,123,53,16,65,2,-13.4,0.9,816
1973,Matty Alou,2+,1B,34,0.295,0.338,0.354,0.693,508,150,60,2,29,5,0.4,1,1000179
1994,Eric Karros,LAD,1B,26,0.266,0.31,0.426,0.736,406,108,51,14,46,2,-2.7,0.6,659
1970,Rich Reese,MIN,1B,28,0.261,0.332,0.371,0.703,501,131,63,10,56,5,-5.6,0.5,1010778
1983,Alan Wiggins,SDP,1B,25,0.276,0.36,0.324,0.684,503,139,83,0,22,66,7.8,3.6,1013931
2020,Miguel Sano,MIN,1B,27,0.204,0.278,0.478,0.757,186,38,31,13,25,0,2.1,0.5,12164
2008,Kevin Millar,BAL,1B,36,0.234,0.323,0.394,0.717,531,124,73,20,72,0,-14.5,-0.2,529
2002,Eric Karros,LAD,1B,34,0.271,0.323,0.399,0.722,524,142,52,13,73,4,-4,1.4,659
1988,Willie Upshaw,CLE,1B,31,0.245,0.33,0.369,0.699,493,121,58,11,50,12,-4.1,0.3,1013293
2001,Jose Offerman,BOS,1B,32,0.267,0.342,0.374,0.716,524,140,76,9,49,5,-7.6,1.4,205
2010,James Loney,LAD,1B,26,0.267,0.329,0.395,0.723,588,157,67,10,88,10,-0.3,0.8,4556
2014,Mark Teixeira,NYY,1B,34,0.216,0.313,0.398,0.711,440,95,56,22,62,1,-3.5,0.7,1281
2020,Carlos Santana,CLE,1B,34,0.199,0.349,0.35,0.699,206,41,34,8,30,0,-2,0.4,2396
2020,Max Muncy,LAD,1B,29,0.192,0.331,0.389,0.72,203,39,36,12,27,1,-0.3,0.4,13301
2011,Adam Lind,TOR,1B,27,0.251,0.295,0.439,0.734,499,125,56,26,87,1,-3.8,0.2,8027
1990,Andres Galarraga,MON,1B,29,0.256,0.306,0.409,0.715,579,148,65,20,87,10,-2.7,1.4,1390
2014,Garrett Jones,MIA,1B,33,0.246,0.309,0.411,0.72,496,122,59,15,53,0,-1.1,0.3,2714
2020,Matt Olson,OAK,1B,26,0.195,0.31,0.424,0.734,210,41,28,14,42,1,1.2,0.8,14344
1987,Willie Upshaw,TOR,1B,30,0.244,0.324,0.391,0.715,512,125,68,15,58,10,-10.9,1.4,1013293
1991,Eddie Murray,LAD,1B,35,0.26,0.321,0.403,0.724,576,150,69,19,96,10,1.5,1.8,1009386
2018,Ian Desmond,COL,1B,32,0.236,0.307,0.422,0.729,555,131,82,22,88,20,-13.4,-0.6,6885
2010,Garrett Jones,PIT,1B,29,0.247,0.306,0.414,0.72,592,146,64,21,86,7,-7.2,-0.2,2714
1977,Lee May,BAL,1B,34,0.253,0.296,0.426,0.722,585,148,75,27,99,2,-0.6,0.5,1008303
2002,Travis Lee,PHI,1B,27,0.265,0.331,0.394,0.725,536,142,55,13,70,5,-8.9,0.7,958
1975,Deron Johnson,2+,1B,36,0.239,0.298,0.388,0.686,565,135,68,19,75,0,-5.8,-0.1,1006444
2005,Justin Morneau,MIN,1B,24,0.239,0.304,0.437,0.741,490,117,62,22,79,0,-7.2,1.5,1737
1996,J.T. Snow,CAL,1B,28,0.257,0.327,0.384,0.711,575,148,69,17,67,1,-20.4,-0.7,1133
2006,Jeff Conine,2+,1B,40,0.268,0.325,0.399,0.724,489,131,54,10,66,3,-12.7,-0.2,131
2014,Eric Hosmer,KCR,1B,24,0.27,0.318,0.398,0.716,503,136,54,9,58,4,-7.5,-0.2,3516
1973,Willie Montanez,PHI,1B,25,0.263,0.324,0.37,0.694,552,145,69,11,65,2,-8.9,-0.5,1009062
1971,Jim Spencer,CAL,1B,23,0.237,0.304,0.392,0.696,510,121,50,18,59,0,-0.3,1.1,1012325
1984,Bill Buckner,2+,1B,34,0.272,0.313,0.392,0.705,482,131,54,11,69,2,-7.3,-0.4,1001625
1982,Dave Kingman,NYM,1B,33,0.204,0.285,0.432,0.717,535,109,80,37,99,4,-1.1,-0.5,1006939
1978,Willie Montanez,NYM,1B,30,0.256,0.32,0.392,0.712,609,156,66,17,96,9,-1.4,1,1009062
2017,Miguel Cabrera,DET,1B,34,0.249,0.329,0.399,0.728,469,117,50,16,60,0,-13.3,-0.2,1744
1997,Rico Brogna,PHI,1B,27,0.252,0.293,0.433,0.726,543,137,68,20,81,12,-12,-1.9,1001464
2003,Ken Harvey,KCR,1B,25,0.266,0.313,0.408,0.721,485,129,50,13,64,2,-17.6,-1.1,604
1970,Jim Spencer,CAL,1B,22,0.274,0.309,0.399,0.708,511,140,61,12,68,0,-3.1,0.8,1012325
2017,Chris Davis,BAL,1B,31,0.215,0.309,0.423,0.732,456,98,65,26,61,1,-6.7,0,9272
1982,Steve Garvey,LAD,1B,33,0.282,0.301,0.418,0.718,625,176,66,16,86,5,-1.8,1.6,1004557
1982,Dave Stapleton,BOS,1B,28,0.264,0.305,0.398,0.703,538,142,66,14,65,2,-11.7,0.7,1012423
2015,Joe Mauer,MIN,1B,32,0.265,0.338,0.38,0.718,592,157,69,10,66,2,-8.5,0.3,1857
2014,Billy Butler,KCR,1B,28,0.271,0.323,0.379,0.702,549,149,57,9,66,0,-10.2,-0.5,7399
2013,Mark Reynolds,2+,1B,29,0.22,0.306,0.393,0.699,445,98,55,21,67,3,-3.2,0.6,7619
1982,Pete Rose,PHI,1B,41,0.271,0.345,0.338,0.683,634,172,80,3,54,8,-7.7,0.1,1011217
2016,Travis Shaw,BOS,1B,26,0.242,0.306,0.421,0.726,480,116,63,16,71,5,-8.9,1.3,11982
1995,Todd Zeile,2+,1B,29,0.246,0.305,0.397,0.702,426,105,50,14,52,1,-9.9,-0.4,457
2018,Eric Hosmer,SDP,1B,28,0.253,0.322,0.398,0.72,613,155,72,18,69,7,-8.2,-0.1,3516
2011,Juan Rivera,2+,1B,32,0.258,0.319,0.382,0.701,466,120,46,11,74,5,-7.7,0.3,843
2019,Eric Hosmer,SDP,1B,29,0.265,0.31,0.425,0.735,619,164,72,22,99,0,-12.9,-0.4,3516
2012,Carlos Pena,TBR,1B,34,0.197,0.33,0.354,0.684,497,98,72,19,61,2,-5.1,0.6,934
1991,Pete O'Brien,SEA,1B,33,0.248,0.3,0.402,0.701,560,139,58,17,88,0,-8.7,-0.1,1009700
1984,Bruce Bochte,OAK,1B,33,0.264,0.333,0.345,0.678,469,124,58,5,52,2,-5.2,-0.2,1001106
2019,Albert Pujols,LAA,1B,39,0.244,0.305,0.43,0.734,491,120,55,23,93,3,-10.5,-0.5,1177
1976,John Mayberry,KCR,1B,27,0.232,0.322,0.342,0.663,594,138,76,13,95,3,-4.1,1.7,1008289
2014,Chris Davis,BAL,1B,28,0.196,0.3,0.404,0.704,450,88,65,26,72,2,-2.9,0.9,9272
2015,Brandon Moss,2+,1B,31,0.226,0.304,0.407,0.711,469,106,47,19,58,0,-5.1,0.4,4467
1984,Cecil Cooper,MIL,1B,34,0.275,0.307,0.386,0.693,603,166,63,11,67,8,-5.2,0.5,1002592
2018,Trey Mancini,BAL,1B,26,0.242,0.299,0.416,0.715,582,141,69,24,58,0,-5.6,-0.2,15149
2015,Ryan Howard,PHI,1B,35,0.229,0.277,0.443,0.72,467,107,53,23,77,0,-5.7,-0.2,2154
2016,Mitch Moreland,TEX,1B,30,0.233,0.298,0.422,0.72,460,107,49,22,60,1,-12.2,0,3086
2001,Kevin Young,PIT,1B,32,0.232,0.31,0.399,0.708,449,104,53,14,65,15,-13.8,-0.1,1018
1993,Eric Karros,LAD,1B,25,0.247,0.287,0.409,0.696,619,153,74,23,80,0,-9.7,-0.4,659
2005,Darin Erstad,LAA,1B,31,0.273,0.325,0.371,0.696,609,166,86,7,66,10,-5.2,1.7,11
2012,Carlos Lee,2+,1B,36,0.264,0.332,0.365,0.697,550,145,53,9,77,3,-10.1,0.3,243
2014,Ryan Howard,PHI,1B,34,0.223,0.31,0.38,0.69,569,127,65,23,95,0,-7.2,-0.2,2154
1976,Bruce Bochte,CAL,1B,25,0.258,0.346,0.311,0.658,466,120,53,2,49,4,-2.3,0.7,1001106
2010,Jorge Cantu,2+,1B,28,0.256,0.304,0.392,0.695,472,121,50,11,56,0,-10.6,-0.5,2521
2017,Tommy Joseph,PHI,1B,25,0.24,0.289,0.432,0.721,495,119,51,22,69,1,-15,-1,10349
1978,Dale Murphy,ATL,1B,22,0.226,0.284,0.394,0.679,530,120,66,23,79,11,-13.7,-0.6,1009355
1986,Cecil Cooper,MIL,1B,36,0.258,0.31,0.373,0.682,542,140,46,12,75,1,-11.8,-0.2,1002592
1998,Ron Coomer,MIN,1B,31,0.276,0.295,0.406,0.702,529,146,54,15,72,2,-18.5,-0.5,816
1976,Jim Spencer,CHW,1B,28,0.253,0.315,0.367,0.682,518,131,53,14,70,6,-6.1,0.1,1012325
1990,Gerald Perry,KCR,1B,29,0.254,0.313,0.361,0.674,465,118,57,8,57,17,-5.5,-0.1,1010211
2005,Scott Hatteberg,OAK,1B,35,0.256,0.334,0.343,0.677,464,119,52,7,59,0,-11.8,-0.9,916
2009,Aubrey Huff,2+,1B,32,0.241,0.31,0.384,0.694,536,129,59,15,85,0,-22.8,-2.1,1213
2008,Daric Barton,OAK,1B,22,0.226,0.327,0.348,0.674,446,101,59,9,47,2,-5.5,0.7,5928
1984,Steve Garvey,SDP,1B,35,0.284,0.307,0.373,0.68,617,175,72,8,86,1,-6.8,0.3,1004557
1977,Jim Spencer,CHW,1B,29,0.247,0.3,0.4,0.7,470,116,56,18,69,1,-10.9,-0.2,1012325
1986,Steve Garvey,SDP,1B,37,0.255,0.284,0.408,0.692,557,142,58,21,81,1,-8.2,-0.8,1004557
1999,Darin Erstad,ANA,1B,25,0.253,0.308,0.374,0.683,585,148,84,13,53,13,-25.8,2,11
1994,David Segui,NYM,1B,27,0.241,0.308,0.387,0.695,336,81,46,10,43,0,-9.4,-0.7,169
1983,Pete O'Brien,TEX,1B,25,0.237,0.313,0.347,0.66,524,124,53,8,53,5,-11.3,1.1,1009700
1980,Willie Montanez,2+,1B,32,0.272,0.325,0.348,0.673,500,136,40,6,64,3,-6.6,-0.3,1009062
1971,Denis Menke,HOU,1B,30,0.246,0.328,0.32,0.648,475,117,57,1,43,4,-7.9,0,1008766
2016,Yonder Alonso,OAK,1B,29,0.253,0.316,0.367,0.683,482,122,52,7,56,3,-11,-0.2,2530
2016,Marwin Gonzalez,HOU,1B,27,0.254,0.293,0.401,0.694,484,123,55,13,51,12,-9.2,0.4,5497
2013,Paul Konerko,CHW,1B,37,0.244,0.313,0.355,0.669,467,114,41,12,54,0,-17.2,-1.5,242
2015,Logan Morrison,SEA,1B,27,0.225,0.302,0.383,0.685,457,103,47,17,54,8,-6.6,0,9205
2012,Michael Young,TEX,1B,35,0.277,0.312,0.37,0.682,611,169,79,8,67,2,-22.5,-1.5,1286
1969,Danny Cater,OAK,1B,29,0.262,0.296,0.361,0.657,584,153,64,10,76,1,-11.4,0.3,1002079
1989,Todd Benzinger,CIN,1B,26,0.245,0.293,0.381,0.674,628,154,79,17,76,3,-14.2,-0.4,1000859
2018,Ryon Healy,SEA,1B,26,0.235,0.277,0.412,0.688,493,116,51,24,73,0,-12.3,-0.9,15447
1983,Dave Stapleton,BOS,1B,29,0.247,0.297,0.363,0.661,542,134,54,10,66,1,-17.5,-0.7,1012423
1997,Joe Carter,TOR,1B,37,0.234,0.284,0.399,0.683,612,143,76,21,102,8,-23,-1.4,1002018
2011,Aubrey Huff,SFG,1B,34,0.246,0.306,0.37,0.676,521,128,45,12,59,5,-10.1,-1,1213
1979,Enos Cabell,HOU,1B,29,0.272,0.299,0.368,0.668,603,164,60,6,67,37,-9.9,0,1001804
1979,Willie Montanez,2+,1B,31,0.256,0.297,0.372,0.669,554,142,55,13,71,0,-14.7,-0.2,1009062
1985,Dan Driessen,2+,1B,33,0.243,0.314,0.351,0.665,493,120,53,9,47,2,-9.7,-0.3,1003501
1979,Jeff Newman,OAK,1B,30,0.231,0.267,0.399,0.666,516,119,53,22,71,2,-13.5,0.6,1009543
2012,Eric Hosmer,KCR,1B,22,0.232,0.304,0.359,0.663,535,124,65,14,60,16,-11.2,-1.3,3516
1973,Bill Buckner,LAD,1B,23,0.275,0.297,0.351,0.648,575,158,68,8,46,12,-10.5,0.7,1001625
1993,Kevin Young,PIT,1B,24,0.236,0.3,0.343,0.643,449,106,38,6,47,2,-18.2,0.2,1018
1992,Tim Wallach,MON,1B,34,0.223,0.296,0.331,0.627,537,120,53,9,59,2,-13.2,0.9,1013554
2012,Justin Smoak,SEA,1B,25,0.217,0.29,0.364,0.654,483,105,49,19,51,1,-14.5,-0.8,9054
2020,Josh Bell,PIT,1B,27,0.226,0.305,0.364,0.669,195,44,22,8,22,0,-6.2,-0.4,13145
1988,Keith Moreland,SDP,1B,34,0.256,0.305,0.331,0.636,511,131,40,5,64,2,-11.5,-0.7,1009161
1981,Mike Squires,CHW,1B,29,0.265,0.312,0.296,0.607,294,78,35,0,25,7,-7.5,-0.4,1012371
1975,Dan Meyer,DET,1B,22,0.236,0.277,0.336,0.614,470,111,56,8,47,8,-17.7,-1.7,1008824
2018,Miguel Rojas,MIA,1B,29,0.252,0.297,0.346,0.643,488,123,44,11,53,6,-18.8,1,7802
2020,Yuli Gurriel,HOU,1B,36,0.232,0.274,0.384,0.658,211,49,27,6,22,0,-5.5,-0.1,19198
1983,Pete Rose,PHI,1B,42,0.245,0.316,0.286,0.602,493,121,52,0,45,7,-21.6,-1.9,1011217
1981,Enos Cabell,SFG,1B,31,0.255,0.274,0.326,0.6,396,101,41,2,36,6,-14.2,-1.3,1001804
2014,Allen Craig,2+,1B,29,0.215,0.279,0.315,0.594,461,99,41,8,46,2,-24.2,-1.6,3433
2020,Evan White,SEA,1B,24,0.176,0.252,0.346,0.599,182,32,19,8,26,1,-7.5,-0.2,20078
1984,Ted Simmons,MIL,1B,34,0.221,0.269,0.3,0.569,497,110,44,4,52,3,-24.6,-2.4,1011986
2018,Chris Davis,BAL,1B,32,0.168,0.243,0.296,0.539,470,79,40,16,49,2,-35.5,-3.1,9272
